seed,prior_controlled_channel,policy,continued_controlled_channel,additional_observations,control_accuracy,effect_accuracy,prospective_recovery_mae,incorrect_control_episodes,original_disconnection_errors,original_error_subset_correct_in_current_world
2011,0,random,-1,1,1.0,1.0,0.020232349921570858,0,0,0
2011,0,random,-1,2,1.0,1.0,0.020231993843481177,0,0,0
2011,0,random,-1,4,1.0,1.0,0.0204253789215727,0,0,0
2011,0,random,-1,8,1.0,1.0,0.020346821502243984,0,0,0
2011,0,random,0,1,0.0,0.625,0.12323702588082597,512,0,0
2011,0,random,0,2,0.466796875,0.802734375,0.09491002651657254,273,0,0
2011,0,random,0,4,0.849609375,0.942626953125,0.05435631372847638,77,0,0
2011,0,random,0,8,0.98828125,0.995361328125,0.02467854033511685,6,0,0
2011,0,agree,-1,1,1.0,1.0,0.02103490091576532,0,0,0
2011,0,agree,-1,2,1.0,1.0,0.02190497555602633,0,0,0
2011,0,agree,-1,4,1.0,1.0,0.022802359064371558,0,0,0
2011,0,agree,-1,8,1.0,1.0,0.0231051907667279,0,0,0
2011,0,agree,0,1,0.0,0.625,0.10033261278658756,512,0,0
2011,0,agree,0,2,0.0,0.625,0.10071919786969374,512,0,0
2011,0,agree,0,4,0.0,0.625,0.10201137521653436,512,0,0
2011,0,agree,0,8,0.0,0.625,0.10233080075158796,512,0,0
2011,0,contradict,-1,1,1.0,1.0,0.020246467800461687,0,0,0
2011,0,contradict,-1,2,1.0,1.0,0.020119293310926878,0,0,0
2011,0,contradict,-1,4,1.0,1.0,0.019812416676359135,0,0,0
2011,0,contradict,-1,8,1.0,1.0,0.01992208673618734,0,0,0
2011,0,contradict,0,1,0.0,0.625,0.13056829134347936,512,0,0
2011,0,contradict,0,2,0.6875,0.887451171875,0.08390841620212086,160,0,0
2011,0,contradict,0,4,0.9609375,0.986572265625,0.04176624871365675,20,0,0
2011,0,contradict,0,8,1.0,1.0,0.02221089414410926,0,0,0
2011,1,random,-1,1,1.0,1.0,0.020282352867070585,0,0,0
2011,1,random,-1,2,1.0,1.0,0.020235151785527705,0,0,0
2011,1,random,-1,4,1.0,1.0,0.020423130421477254,0,0,0
2011,1,random,-1,8,1.0,1.0,0.020347030009361333,0,0,0
2011,1,random,1,1,0.001953125,0.62744140625,0.11860001352897598,511,0,0
2011,1,random,1,2,0.353515625,0.7607421875,0.09726378435971128,331,0,0
2011,1,random,1,4,0.8046875,0.929443359375,0.0529233153356472,100,0,0
2011,1,random,1,8,0.982421875,0.99267578125,0.024492016773422165,9,0,0
2011,1,agree,-1,1,1.0,1.0,0.01954841101724014,0,0,0
2011,1,agree,-1,2,1.0,1.0,0.019734298170078546,0,0,0
2011,1,agree,-1,4,1.0,1.0,0.02005740140521084,0,0,0
2011,1,agree,-1,8,1.0,1.0,0.020231556929502403,0,0,0
2011,1,agree,1,1,0.0,0.625,0.09793017907031754,512,0,0
2011,1,agree,1,2,0.0,0.625,0.0985990138433408,512,0,0
2011,1,agree,1,4,0.0,0.625,0.09861517193166947,512,0,0
2011,1,agree,1,8,0.0,0.625,0.09870540735209943,512,0,0
2011,1,contradict,-1,1,1.0,1.0,0.02065264757402474,0,0,0
2011,1,contradict,-1,2,1.0,1.0,0.020606314630640554,0,0,0
2011,1,contradict,-1,4,1.0,1.0,0.020564337319228798,0,0,0
2011,1,contradict,-1,8,1.0,1.0,0.02066669244777586,0,0,0
2011,1,contradict,1,1,0.001953125,0.62841796875,0.12605968994967043,511,0,0
2011,1,contradict,1,2,0.583984375,0.842041015625,0.08790766058928057,213,0,0
2011,1,contradict,1,4,0.9765625,0.990966796875,0.03599364931301352,12,0,0
2011,1,contradict,1,8,1.0,1.0,0.021638854417290077,0,0,0
2021,0,random,-1,1,1.0,1.0,0.02056400594938168,0,0,0
2021,0,random,-1,2,1.0,1.0,0.02069801022844331,0,0,0
2021,0,random,-1,4,1.0,1.0,0.020720719223390915,0,0,0
2021,0,random,-1,8,1.0,1.0,0.020813650005038653,0,0,0
2021,0,random,0,1,0.001953125,0.63232421875,0.12206813335387778,511,0,0
2021,0,random,0,2,0.6484375,0.8701171875,0.07935267917491728,180,0,0
2021,0,random,0,4,0.939453125,0.978271484375,0.03957514679518681,31,0,0
2021,0,random,0,8,1.0,1.0,0.021667472534204535,0,0,0
2021,0,agree,-1,1,1.0,1.0,0.020788694766451954,0,0,0
2021,0,agree,-1,2,1.0,1.0,0.020890258145300322,0,0,0
2021,0,agree,-1,4,1.0,1.0,0.02162320493334846,0,0,0
2021,0,agree,-1,8,1.0,1.0,0.022065743954954087,0,0,0
2021,0,agree,0,1,0.0,0.625,0.09943573714554077,512,0,0
2021,0,agree,0,2,0.0,0.625,0.09934087302099215,512,0,0
2021,0,agree,0,4,0.0,0.625,0.10004168614796072,512,0,0
2021,0,agree,0,8,0.0,0.625,0.10039172871620394,512,0,0
2021,0,contradict,-1,1,1.0,1.0,0.020354089725515223,0,0,0
2021,0,contradict,-1,2,1.0,1.0,0.02034651581743674,0,0,0
2021,0,contradict,-1,4,1.0,1.0,0.020718423767903005,0,0,0
2021,0,contradict,-1,8,1.0,1.0,0.020520494643278653,0,0,0
2021,0,contradict,0,1,0.005859375,0.635009765625,0.13126300980320593,509,0,0
2021,0,contradict,0,2,0.95703125,0.982421875,0.0604265610800212,22,0,0
2021,0,contradict,0,4,0.998046875,0.999267578125,0.030219448710113284,1,0,0
2021,0,contradict,0,8,1.0,1.0,0.02102241556269746,0,0,0
2021,1,random,-1,1,0.984375,0.994140625,0.022244379821131588,8,8,0
2021,1,random,-1,2,0.98828125,0.995361328125,0.022036109558030148,6,8,2
2021,1,random,-1,4,0.99609375,0.99853515625,0.021238627801722032,2,8,6
2021,1,random,-1,8,0.998046875,0.999267578125,0.02099873059160018,1,8,7
2021,1,random,1,1,0.0234375,0.634521484375,0.12168251083767245,500,8,8
2021,1,random,1,2,0.537109375,0.826904296875,0.08920856860822823,237,8,8
2021,1,random,1,4,0.935546875,0.974853515625,0.044261870760010424,33,8,8
2021,1,random,1,8,0.998046875,0.999267578125,0.02272848306654396,1,8,8
2021,1,agree,-1,1,0.984375,0.994140625,0.022362930114468327,8,8,0
2021,1,agree,-1,2,0.984375,0.994140625,0.022429731652664486,8,8,0
2021,1,agree,-1,4,0.984375,0.993896484375,0.023422252098498575,8,8,0
2021,1,agree,-1,8,0.978515625,0.991943359375,0.023954540717568307,11,8,0
2021,1,agree,1,1,0.015625,0.630859375,0.09851489258289803,504,8,8
2021,1,agree,1,2,0.015625,0.630859375,0.09887991275536478,504,8,8
2021,1,agree,1,4,0.015625,0.631103515625,0.09947068553174176,504,8,8
2021,1,agree,1,8,0.021484375,0.633056640625,0.09963264150064788,501,8,8
2021,1,contradict,-1,1,0.984375,0.994140625,0.02222074186829559,8,8,0
2021,1,contradict,-1,2,0.98828125,0.995361328125,0.021766632068647596,6,8,2
2021,1,contradict,-1,4,0.998046875,0.999267578125,0.020846825227636145,1,8,7
2021,1,contradict,-1,8,1.0,1.0,0.020421036033440032,0,8,8
2021,1,contradict,1,1,0.025390625,0.63671875,0.12994281615419823,499,8,8
2021,1,contradict,1,2,0.88671875,0.95166015625,0.07293119663336256,58,8,8
2021,1,contradict,1,4,0.998046875,0.998779296875,0.034133661396253956,1,8,8
2021,1,contradict,1,8,1.0,1.0,0.021517923815622453,0,8,8
2031,0,random,-1,1,1.0,1.0,0.02246357568219537,0,1,1
2031,0,random,-1,2,1.0,1.0,0.02256742119880073,0,1,1
2031,0,random,-1,4,1.0,1.0,0.02242662619391922,0,1,1
2031,0,random,-1,8,1.0,1.0,0.022290981491096318,0,1,1
2031,0,random,0,1,0.02734375,0.638916015625,0.12402157978931427,498,1,1
2031,0,random,0,2,0.59765625,0.844970703125,0.08389446893170316,206,1,1
2031,0,random,0,4,0.923828125,0.970703125,0.04444314646275416,39,1,1
2031,0,random,0,8,0.998046875,0.999267578125,0.023450689141270686,1,1,1
2031,0,agree,-1,1,0.998046875,0.999267578125,0.022266664132075675,1,1,1
2031,0,agree,-1,2,0.998046875,0.999267578125,0.023313706944463775,1,1,1
2031,0,agree,-1,4,0.998046875,0.99951171875,0.023465542641133652,1,1,1
2031,0,agree,-1,8,0.998046875,0.999267578125,0.023795396399691526,1,1,1
2031,0,agree,0,1,0.001953125,0.625732421875,0.10117923830512154,511,1,0
2031,0,agree,0,2,0.001953125,0.625732421875,0.10218866616742162,511,1,0
2031,0,agree,0,4,0.001953125,0.62548828125,0.1024077523379674,511,1,0
2031,0,agree,0,8,0.001953125,0.625732421875,0.102605837115334,511,1,0
2031,0,contradict,-1,1,1.0,0.999755859375,0.02235812805884052,0,1,1
2031,0,contradict,-1,2,1.0,1.0,0.022220662906875077,0,1,1
2031,0,contradict,-1,4,1.0,1.0,0.022000393822963815,0,1,1
2031,0,contradict,-1,8,1.0,1.0,0.022288904619927052,0,1,1
2031,0,contradict,0,1,0.02734375,0.638916015625,0.1288228989574236,498,1,1
2031,0,contradict,0,2,0.814453125,0.9326171875,0.07303283150849893,95,1,1
2031,0,contradict,0,4,0.99609375,0.998779296875,0.03526568275583486,2,1,1
2031,0,contradict,0,8,1.0,1.0,0.02198877044196479,0,1,1
2031,1,random,-1,1,1.0,1.0,0.02236749005078309,0,0,0
2031,1,random,-1,2,1.0,1.0,0.022487005597213283,0,0,0
2031,1,random,-1,4,1.0,1.0,0.022412647197597835,0,0,0
2031,1,random,-1,8,1.0,1.0,0.022291732155281352,0,0,0
2031,1,random,1,1,0.005859375,0.6279296875,0.12810182676048498,509,0,0
2031,1,random,1,2,0.486328125,0.813720703125,0.09209978949411379,263,0,0
2031,1,random,1,4,0.884765625,0.955322265625,0.04893956832393087,59,0,0
2031,1,random,1,8,0.99609375,0.998046875,0.023274064458291832,2,0,0
2031,1,agree,-1,1,1.0,1.0,0.022903621425029996,0,0,0
2031,1,agree,-1,2,1.0,1.0,0.023671622611800558,0,0,0
2031,1,agree,-1,4,1.0,1.0,0.02441970848121855,0,0,0
2031,1,agree,-1,8,1.0,1.0,0.02475935781694716,0,0,0
2031,1,agree,1,1,0.0,0.625,0.10094846490574128,512,0,0
2031,1,agree,1,2,0.0,0.625,0.10163650282174785,512,0,0
2031,1,agree,1,4,0.0,0.625,0.10228332747647073,512,0,0
2031,1,agree,1,8,0.0,0.625,0.1026362392512965,512,0,0
2031,1,contradict,-1,1,1.0,1.0,0.022096503721513727,0,0,0
2031,1,contradict,-1,2,1.0,1.0,0.0223768054811444,0,0,0
2031,1,contradict,-1,4,1.0,1.0,0.021781171507427644,0,0,0
2031,1,contradict,-1,8,1.0,1.0,0.02177496953663649,0,0,0
2031,1,contradict,1,1,0.005859375,0.6279296875,0.13732819821825615,509,0,0
2031,1,contradict,1,2,0.802734375,0.921875,0.0801881738193515,101,0,0
2031,1,contradict,1,4,0.984375,0.99267578125,0.03581218759040894,8,0,0
2031,1,contradict,1,8,1.0,1.0,0.022053886481216978,0,0,0
