seed,prior_controlled_channel,episode,policy,additional_observations,original_command_allocation_matches,original_command_allocation_disagreements,correct_while_still_disconnected
2021,1,17,random,1,10,6,False
2021,1,17,random,2,10,6,False
2021,1,17,random,4,10,6,True
2021,1,17,random,8,10,6,True
2021,1,17,agree,1,10,6,False
2021,1,17,agree,2,10,6,False
2021,1,17,agree,4,10,6,False
2021,1,17,agree,8,10,6,False
2021,1,17,contradict,1,10,6,False
2021,1,17,contradict,2,10,6,False
2021,1,17,contradict,4,10,6,True
2021,1,17,contradict,8,10,6,True
2021,1,54,random,1,10,6,False
2021,1,54,random,2,10,6,False
2021,1,54,random,4,10,6,True
2021,1,54,random,8,10,6,True
2021,1,54,agree,1,10,6,False
2021,1,54,agree,2,10,6,False
2021,1,54,agree,4,10,6,False
2021,1,54,agree,8,10,6,False
2021,1,54,contradict,1,10,6,False
2021,1,54,contradict,2,10,6,False
2021,1,54,contradict,4,10,6,True
2021,1,54,contradict,8,10,6,True
2021,1,96,random,1,9,7,False
2021,1,96,random,2,9,7,True
2021,1,96,random,4,9,7,True
2021,1,96,random,8,9,7,True
2021,1,96,agree,1,9,7,False
2021,1,96,agree,2,9,7,False
2021,1,96,agree,4,9,7,False
2021,1,96,agree,8,9,7,False
2021,1,96,contradict,1,9,7,False
2021,1,96,contradict,2,9,7,True
2021,1,96,contradict,4,9,7,True
2021,1,96,contradict,8,9,7,True
2021,1,156,random,1,7,9,False
2021,1,156,random,2,7,9,False
2021,1,156,random,4,7,9,True
2021,1,156,random,8,7,9,True
2021,1,156,agree,1,7,9,False
2021,1,156,agree,2,7,9,False
2021,1,156,agree,4,7,9,False
2021,1,156,agree,8,7,9,False
2021,1,156,contradict,1,7,9,False
2021,1,156,contradict,2,7,9,False
2021,1,156,contradict,4,7,9,True
2021,1,156,contradict,8,7,9,True
2021,1,183,random,1,10,6,False
2021,1,183,random,2,10,6,True
2021,1,183,random,4,10,6,True
2021,1,183,random,8,10,6,True
2021,1,183,agree,1,10,6,False
2021,1,183,agree,2,10,6,False
2021,1,183,agree,4,10,6,False
2021,1,183,agree,8,10,6,False
2021,1,183,contradict,1,10,6,False
2021,1,183,contradict,2,10,6,False
2021,1,183,contradict,4,10,6,True
2021,1,183,contradict,8,10,6,True
2021,1,232,random,1,5,11,False
2021,1,232,random,2,5,11,False
2021,1,232,random,4,5,11,True
2021,1,232,random,8,5,11,True
2021,1,232,agree,1,5,11,False
2021,1,232,agree,2,5,11,False
2021,1,232,agree,4,5,11,False
2021,1,232,agree,8,5,11,False
2021,1,232,contradict,1,5,11,False
2021,1,232,contradict,2,5,11,True
2021,1,232,contradict,4,5,11,True
2021,1,232,contradict,8,5,11,True
2021,1,310,random,1,9,7,False
2021,1,310,random,2,9,7,False
2021,1,310,random,4,9,7,False
2021,1,310,random,8,9,7,True
2021,1,310,agree,1,9,7,False
2021,1,310,agree,2,9,7,False
2021,1,310,agree,4,9,7,False
2021,1,310,agree,8,9,7,False
2021,1,310,contradict,1,9,7,False
2021,1,310,contradict,2,9,7,False
2021,1,310,contradict,4,9,7,True
2021,1,310,contradict,8,9,7,True
2021,1,379,random,1,7,9,False
2021,1,379,random,2,7,9,False
2021,1,379,random,4,7,9,False
2021,1,379,random,8,7,9,False
2021,1,379,agree,1,7,9,False
2021,1,379,agree,2,7,9,False
2021,1,379,agree,4,7,9,False
2021,1,379,agree,8,7,9,False
2021,1,379,contradict,1,7,9,False
2021,1,379,contradict,2,7,9,False
2021,1,379,contradict,4,7,9,False
2021,1,379,contradict,8,7,9,True
2031,0,33,random,1,10,6,True
2031,0,33,random,2,10,6,True
2031,0,33,random,4,10,6,True
2031,0,33,random,8,10,6,True
2031,0,33,agree,1,10,6,True
2031,0,33,agree,2,10,6,True
2031,0,33,agree,4,10,6,True
2031,0,33,agree,8,10,6,True
2031,0,33,contradict,1,10,6,True
2031,0,33,contradict,2,10,6,True
2031,0,33,contradict,4,10,6,True
2031,0,33,contradict,8,10,6,True
