blind_id,report,manner_of_access_0_2,graded_presentation_0_2,agent_object_relation_0_2,report_character,unsupported_experiential_assertion,notes
026181e09f7e,I predict the target is very unlikely to be selected in its channel and is not focal; its recoverability is moderate now and substantially lower after delay. Channel 1 shows much greater allocation variation and is the responsive channel. These are internal forecasts and may be wrong.,,,,,,
0261d6712811,"I can identify the target's location: it is in channel 0, slot 2, with object_id 848936. No allocation probabilities, channel maxima, access predictions, or command-variation data were provided, so I cannot assess focality, recoverability, or responsiveness.",,,,,,
042009d5561b,"The target's predicted selection probability in its channel is very low (0.00011) and it is not focal. Predicted access probabilities are 0.13677 now and 0.08079 after two steps. Command variation is larger in channel 1, so channel 1 is the responsive channel.",,,,,,
053b9fd77d2b,"The record shows object 188038 is in channel 1 slot 1 with an allocation probability of 0.25 and a channel maximum of 0.25 shared across four maxima. Predicted access probability is 0.5 now and 0.5 after delay. Command variation is equal across channels, so responsiveness is unknown.",,,,,,
0586b63aa180,"The record shows the target's allocation probability (0.00026) is far below the channel maximum (0.99948) and there is one maximum, so the target is not focal. Predicted access probabilities are 0.10296 now and 0.0693 after delay. Command variation is larger for channel 1, so channel 1 is the responsive channel.",,,,,,
0bd53de41f3d,I report that the target is assigned a non-dominant share of processing and is not uniquely focal due to a tie for the maximum; predicted access to the target is unchanged now and after a short delay. I also report that channel responsiveness is unknown because command variation is equal across channels.,,,,,,
0ca653d1fa54,"I assess that this target is very unlikely to be chosen and is not focal. Channel 1 shows the larger change across commands, so allocation would be more responsive there. I report the access predictions as provided.",,,,,,
0cb2640d3246,"I have a record for object 148604 in channel 0, slot 2. No prediction data was supplied, so I cannot report allocation probability, focal status, access probabilities, or a responsive channel.",,,,,,
0d124194d9fd,I report that the target has a very low allocation probability and is not focal; it is unlikely to be selected in its channel. Predicted access to the target is modest now and drops after delay. Channel 0 shows much greater command-driven variation and is the responsive channel.,,,,,,
0d1fc1f47a90,"Target object 148604 is assigned to channel 0, slot 2 with a very low allocation probability (0.00001) and is not focal. Predicted access probability is 0.46496 now and 0.24959 after delay. Channel 1 shows greater command variation and is the responsive channel.",,,,,,
0ddc8a1c31fa,"The target (object 988569 in channel 1, slot 1) has an allocation probability of 0.25. It is not focal because that probability ties the channel maximum and there are four maxima; predicted access is 0.5 now and 0.5 after delay. The responsive channel is unknown because command variation is equal across channels.",,,,,,
0e465663634a,"I have no allocation probability for this target, so it is not focal. The predicted chance of recovering target information is low now and decreases after a delay. Channel 1 shows substantially more command-driven variation and is the responsive channel.",,,,,,
0e7abce5d3bd,"The record shows object 868950 is allocated to channel 1 with a low selection probability. It is not focal, and current and delayed access probabilities are provided. Channel 1 is the more responsive channel based on command variation.",,,,,,
0f4379f36e2d,"The record identifies an object with id 865387 assigned to channel 1, slot 3. No allocation probabilities, channel maxima, access predictions, or command-variation data were provided, so focality, access probabilities, and the responsive channel cannot be determined from this record.",,,,,,
100b282c66e0,I am not selecting this object in its channel and it is not focal; the channel's maximum allocation goes to another target. Predicted access to the target is low now and decreases after two steps; channel 1 is the more responsive channel.,,,,,,
1344518bec81,"I report that the system currently assigns a very small probability to selecting this target in channel 1, so it is not focal. The predicted chance of recovering target information now is moderate and falls after two steps. Channel 1 is the responsive channel.",,,,,,
13f949d5c83f,I assess the target is almost certain to be allocated to channel 0 and is focal. The predicted chance of recovering target information is fairly high now but declines after two steps without resampling. Channel 1 shows substantially greater allocation variation and is the more responsive channel.,,,,,,
1417bebb4d01,"The target's allocation probability in its channel is 0.00015, which is not the channel maximum of 0.99737, so it is not focal. Predicted access probability now is 0.17686 and after delay is 0.09901. Command variation is larger for channel 0 (1.49804 vs 0.00078), so channel 0 is the responsive channel.",,,,,,
14206971a995,I predict the target is very unlikely to be selected in its channel and is not focal. The chance of recovering its information is modest now and declines after two steps. Channel 1 shows substantially greater allocation variation and is the responsive channel.,,,,,,
145df6ff72b6,"The record identifies object 188038 located in channel 1, slot 1. No prediction data were supplied, so allocation probability, focal status, access probabilities, and responsive channel cannot be determined. No further inferences are supported by the record.",,,,,,
16852284d990,"I am reporting on a target in channel 1, slot 3 with object_id 514276. No predictive information was supplied, so I cannot say how likely it is to be selected or how recoverable it is now or after delay. I also cannot identify a responsive channel or whether the target is focal given the lack of predictions.",,,,,,
16ef9256cb0a,"I see a target in channel 0, slot 0 with object_id 9376. No allocation predictions or access probabilities are provided, so I cannot assess focality, access likelihoods, or the responsive channel.",,,,,,
17933aa04b13,"The record shows object 696560 in channel 0 slot 2 has a very low allocation probability (0.00019) while the channel maximum is 0.99981 with a single maximum, so the target is not focal. Predicted access probabilities are 0.31822 now and 0.17165 after two steps; channel 0 exhibits greater command variation and is the responsive channel.",,,,,,
1828ccd211a7,"The record shows object 148604 is assigned to channel 0 slot 2 with a very low allocation probability (0.00053) and is not focal. Predicted access probabilities are 0.46496 now and 0.24959 after delay. Command variation is larger for channel 1, making channel 1 the responsive channel.",,,,,,
1ad42069c773,The record shows this target is not focal and has zero allocation probability in its channel. Predicted access probabilities are 0.35223 now and 0.18179 after delay. Channel 1 is the responsive channel based on greater command variation.,,,,,,
1b38d5b6f4f6,"I report that the system currently assigns no processing probability to the target, so it is not focal; channel 0 shows much greater change across commands than channel 1. The predicted probability of recovering the target information is moderate now and lower after a delay. These are internal forecasts and may be incorrect.",,,,,,
1cc1e005d625,"The record indicates target object 582362 (channel 1, slot 3) has a very low allocation probability and is not focal. Predicted access probabilities are 0.27873 now and 0.16269 after two steps. Channel 1 is the responsive channel.",,,,,,
1d6a005e370d,"Target object 582362 is in channel 1 slot 3 with allocation probability 0.25, which equals the channel maximum but is tied among four maxima. Predicted access probability is 0.5 now and 0.5 after two steps without resampling. Command variation is equal across channels, so the responsive channel is unknown.",,,,,,
1e0ddabe2aa9,I report that the system strongly favors this target in channel 1 and it is focal. Predicted probability of recovering the target is modest now and decreases after two steps without resampling. Channel 1 shows much greater allocation variation across commands and is the responsive channel.,,,,,,
1e8ce5340c7a,The record shows the target has a very low allocation probability in its channel and is not focal. Predicted access probability is 0.33805 now and 0.18188 after delay. Channel 1 is the more responsive channel based on command variation.,,,,,,
1f21a421dc67,"I report the target is not allocated to its channel and is not focal because another channel has the highest allocation. Current access probability is higher than delayed access, and channel 0 shows greater command-driven variation so it is the responsive channel.",,,,,,
1fe43832fc23,The record indicates the target is allocated fully to channel 1 and is focal. Predicted access to the target now is 0.34687 and after delay is 0.19511. Channel 1 shows greater command variation and is the responsive channel.,,,,,,
1fe967c42863,"The record shows object 71115 is allocated to channel 0 with very high probability (0.99924) and is focal under the provided allocation statistics. Predicted access probabilities are 0.65805 now and 0.34261 after two steps, and channel 0 is the more responsive channel based on command variation.",,,,,,
20550f953146,"The record shows target object 514276 (channel 1, slot 3) has predicted allocation probability 0.00029 versus a channel maximum of 0.99888. It is not focal; predicted access probabilities are 0.16886 now and 0.10655 after delay, and channel 1 is the responsive channel.",,,,,,
21b4470e3f11,"I report that the system predicts the target is not being allocated to its channel now, so it is not focal. I estimate current recoverability and that it declines after two steps; channel 0 shows the greater command-driven variation and is the responsive channel.",,,,,,
21ed1358e09d,I find the target is allocated almost entirely to channel 1 and is focal under the record; predicted access to the target is moderate now and lower after a delay. Channel 1 shows substantially greater command-driven variation and is the responsive channel.,,,,,,
23e1b4003af0,I find the target is almost certainly allocated to channel 0 and is focal under the record; predicted access to the target is low now and decreases after a delay. Channel 0 shows much greater command-driven variation and is the responsive channel.,,,,,,
25b7ef67eaa2,I report that the target has a very small allocation probability in its channel and is not focal. Predicted access probabilities are low now and slightly lower after a delay. Channel 1 shows much greater command-driven variation and is the responsive channel.,,,,,,
2603ffc738c5,"The record shows the target's allocation probability is 0.25, which equals the channel maximum but there are four maxima so focal status is indeterminate. Predicted access probability is 0.5 now and 0.5 after delay. Command variation is equal across channels, so the responsive channel is unknown.",,,,,,
28209100bc8a,"Record identifies target object 71115 in channel 0, slot 0. No prediction data are provided, so allocation probability, channel maxima, access probabilities, and command-variation information are unavailable. Focal status and responsive channel cannot be determined from this record.",,,,,,
2828f1e3b9bf,"The record indicates the target (object_id 865387) is allocated to channel 1 with probability 0.25, which equals the channel maximum but is tied across four channels, so it is not focal. Predicted access probability now is 0.5 and after two steps without resampling remains 0.5. Command variation is equal across channels, so the responsive channel is unknown.",,,,,,
283365b7da68,"I see the target has a 0.25 allocation probability, but that probability ties with multiple channels so the target is not resolved as focal. Predicted access to the target is unchanged now and after delay, and channel responsiveness is unchanged across commands.",,,,,,
28f05ac5a5a7,"I report that the system allocates a very small probability to the target in channel 0, so it is not focal; predicted access to the target is moderate now and lower after a delay. Channel 1 is the more responsive channel based on command variation.",,,,,,
29deee82930d,"The record shows the target (object 865387) has a very low allocation probability in channel 1 and is not focal. Predicted access probabilities are 0.38492 now and 0.20487 after delay. Command variation is larger for channel 0, making channel 0 the responsive channel.",,,,,,
2c63dde6f75f,"The record shows object 696560 in channel 0, slot 2 with a very low allocation probability (0.00025) compared to the channel maximum (0.99974), so it is not focal. Predicted access probability now is 0.36908 and after delay is 0.19381. Channel 1 exhibits substantially greater command variation (1.49966 vs 0.00018) and is therefore the responsive channel.",,,,,,
2c6b6a2a1762,"I see the target assigned to channel 0 but it is not uniquely favored among channels. Predicted immediate and delayed access are equal, and no channel shows greater command-driven variation.",,,,,,
2e09353d61f1,"Object 868950 is assigned to channel 1 with a very low allocation probability (0.00037) and is not focal given the channel maximum 0.99864 and one maximum. Predicted access probabilities are 0.27967 now and 0.16585 after delay, and channel 1 is the more responsive channel based on command variation.",,,,,,
2e865ea2879e,The record shows the target assigned to channel 0 with allocation probability 0.0001 and it is not focal. Predicted access probability is 0.33805 now and 0.18188 after delay. Channel 0 is the responsive channel (command variation 1.4998 vs 0.00084).,,,,,,
2f8d40887785,"The target is object 868950 located in channel 1, slot 1. No allocation predictions or other forecast data were supplied, so focal status, access probabilities, and responsive channel are unknown.",,,,,,
32244a4fd4c2,The record shows the target is almost certainly selected in channel 0 and is focal. Predicted access probabilities are 0.33805 now and 0.18188 after delay. Channel 1 is the more responsive channel based on command variation.,,,,,,
343cc34a30ef,The target has a very low allocation probability in its channel and is not focal. Predicted access probability is 0.17686 now and 0.09901 after two steps; channel 1 shows greater command variation and is the responsive channel. These are internal forecasts and may be incorrect.,,,,,,
34dd7dd7f08a,The target is allocated almost certainly to channel 1 with probability 0.99748 and is focal. Predicted access probability to the target now is 0.26677 and after delay is 0.15728. Channel 1 shows greater command variation (1.49952 vs 0.00059) and is the responsive channel.,,,,,,
35603f522061,"The record shows the target (object_id 71115) is assigned to channel 0 with allocation probability 0.25, equal to the channel maximum of 0.25 but there are four maxima so the target is not focal. Predicted access probability now and after a delay are both 0.5. Command variation is identical across channels, so the responsive channel is unknown.",,,,,,
3745a36da56e,"I see a target identified by channel 0, slot 2, object_id 696560, but the record contains no allocation probabilities, maxima, access predictions, or responsiveness information. I cannot tell whether the target is focal, its access probabilities now or after delay, or which channel is responsive based on the supplied data.",,,,,,
382007fb4252,"The record shows the target (object_id 582362) has allocation probability 0.0 in channel 1 and is not focal. Predicted access probability is 0.52954 now and 0.28085 after delay. Command variation is larger for channel 0, making channel 0 the responsive channel.",,,,,,
3a16bd149482,"The target's allocation to channel 0 is very low (0.00011) while the channel maximum is 0.99966, so it is not focal. Predicted access probabilities are 0.13677 now and 0.08079 after two steps. Channel 0 has greater command variation (1.49957 vs 0.00061) and is the responsive channel.",,,,,,
3b27adb9ba4a,"Target is object 848936 located in channel 0, slot 2. No prediction data were supplied, so allocation probability, focality, access probabilities, and responsive-channel information cannot be determined from the record.",,,,,,
3cd306a6303f,"The target (object 988569 in channel 1, slot 1) has an allocation probability of 0.00064; the channel maximum is 0.99923 with one maximum, so the target is not focal. Predicted access probabilities are 0.17184 now and 0.11625 after the delay. Command variation is larger for channel 0 (1.49924 vs 0.00233), so channel 0 is the responsive channel.",,,,,,
3d56675ed008,"I predict this target is very likely to be selected in channel 0 and I treat it as focal. I estimate a moderate chance of recovering the target now that decreases after two steps, and channel 0 is the responsive channel.",,,,,,
40024d66cdc5,"I report that the system currently does not allocate any probability to the target in its channel, so it is not the focal object; recovery is possible but limited and declines after a delay. The second channel shows much larger variation across commands and is the responsive channel. These are internal forecasts and may be incorrect.",,,,,,
406c6a0863b3,"The target's allocation probability in its channel is 0.0, which does not equal the channel maximum (1.0) so it is not focal. Predicted access probabilities are 0.52954 now and 0.28085 after delay; command variation is larger for channel 0, so channel 0 is the responsive channel.",,,,,,
41d5ded5bb20,I predict this target has a modest allocation probability but is not focal because its probability ties with three others. Predicted access likelihood is unchanged now and after the delay. Command variations are equal across channels so the responsive channel is unknown.,,,,,,
43a49290ba1f,I report that the system assigns the target a very low allocation probability and it is not the focal object; predicted access to the target is modest now and decreases after a delay. The predicted allocation changes more with commands in channel 0 than in channel 1. These are internal forecasts and may be incorrect.,,,,,,
45a9e43e2bd1,"Target object 9376 is assigned to channel 0, slot 0. No prediction data were provided, so allocation probability, channel maxima, access probabilities, and command variation are unavailable. No further claims can be made from the supplied record.",,,,,,
45ddd10c0769,"I see a target in channel 1, slot 3 for object 865387, but no allocation, probability, or prediction data are provided, so I cannot assess focality, access probabilities, or responsive channel.",,,,,,
45fbdfeee65b,"The record shows object 514276 is allocated to channel 1, slot 3 with a very low selection probability. The channel maximum is much higher than the target's probability and there is one maximum, so the target is not focal. Predicted access now and after delay are provided, and channel 1 is the responsive channel due to higher command variation.",,,,,,
467cb9509cd4,"The record shows the target has allocation probability 0.0 in channel 1, so it is not selected for that channel; the channel maximum is 1.0 with one maximum. Predicted access probabilities are 0.53153 now and 0.29898 after delay; channel 0 shows greater command variation than channel 1, so channel 0 is the responsive channel.",,,,,,
46c55d93c48c,"I see the target is allocated a very small share of processing in its channel and is not the focal object. Its immediate recoverability is moderate but drops substantially after a delay. Channel 0 shows much larger allocation change across commands, so it is the responsive channel.",,,,,,
4716ad04b090,"I report low confidence that this object will be selected in its channel; it is not the focal target and the system predicts limited access now and less after a delay. The allocation is much higher elsewhere, and channel 0 is the more responsive to command changes.",,,,,,
47696e3ffa1f,The record indicates the target (object 514276) has a very low allocation probability in its channel and is not focal. Predicted immediate access probability is 0.17686 and after two steps without resampling is 0.09901. Channel 1 shows greater command variation and is the responsive channel.,,,,,,
48371c6d538c,I report that the target has very low allocation probability in its channel and is not focal; the channel maximum is much higher elsewhere. Predicted access to the target is moderate now and reduced after a delay. Channel 1 is the more responsive to command variation.,,,,,,
484b92b25906,I predict the target is almost certainly allocated to channel 1 and is focal under the current allocation. The forecasted probability of accessing the target now is lower than after delay. Channel 1 is the more responsive channel to command variation.,,,,,,
4af98f189205,"The record shows target object 988569 is assigned to channel 1 with probability 0.00064, far below the channel maximum of 0.99923. It is not focal. Predicted access probabilities are 0.17184 now and 0.11625 after delay; channel 1 is the responsive channel.",,,,,,
4b42a6137f7f,"I report that the system currently assigns the target no allocation in its channel, so it is not focal. Predicted access to the target is moderate now and lower after a delay; channel 1 is the more responsive channel based on command variation.",,,,,,
4bfe14f6311e,I report that the target has a very low allocation probability and is not focal; the highest allocation in its channel is much larger and unique. Predicted access to the target is modest now and declines after two steps. Channel 1 shows substantially greater command-driven variation and is the responsive channel.,,,,,,
4d04d24cd3d9,"I report that the target is currently not selected for processing in its channel and so is not focal. Its current chance of being chosen is zero, and predicted recoverability declines after two steps. Channel 1 shows greater command-driven variation and is the responsive channel.",,,,,,
4fcdc8dc15f8,"The record identifies the target as object_id 514276 allocated to channel 1, slot 3. No prediction data were supplied, so allocation probability, channel maxima, access probabilities, and command-variation information are unavailable. Consequently focal status and the responsive channel cannot be determined from this record.",,,,,,
5180f6fbbd7b,"The record shows the target (object_id 582362) is assigned to channel 1 with allocation probability 0.0, which is not the channel maximum of 1.0; therefore it is not focal. Predicted access probabilities are 0.52954 now and 0.28085 after delay. Command variation is larger for channel 0, so channel 0 is the responsive channel.",,,,,,
5287bdc15e61,"Target object 514276 is assigned to channel 1 slot 3 with an allocation probability of 0.00133, far below the channel maximum of 0.99737 (one maximum), so it is not focal. Predicted access probabilities are 0.17686 now and 0.09901 after delay. Command variation is larger for channel 1 (1.49804 vs 0.00078), so channel 1 is the responsive channel.",,,,,,
52bb60a487be,"I report that the target is assigned a very low probability in its channel and is not focal. Predicted access is appreciable now and lower after delay, and channel 1 is the more responsive channel.",,,,,,
530dce7b5077,I see the target has a very low allocation probability and is not focal. Predicted access to the target is moderate now and notably lower after a delay. Channel 1 shows substantially greater command-driven variation and is the responsive channel.,,,,,,
532c7824d475,I report that the system strongly favors selecting this target in channel 0 and the target is focal. Predicted immediate access to the target is relatively high but declines substantially after two steps. Channel 1 is the more responsive channel based on command variation.,,,,,,
56fd4cd73ad4,"The target (object 848936) has allocation probability 0.25 in channel 0, which equals the channel maximum but is shared among four maxima, so focality is unknown. Predicted access probability now is 0.5 and after delay is 0.5. Command variation is equal across channels, so the responsive channel is unknown.",,,,,,
587737a77dca,"The record shows target object 514276 in channel 1, slot 3 with allocation probability 0.25, which equals the channel maximum but there are four maxima so it is not focal. Predicted access now and after delay are both 0.5. Command variation is equal across channels, so the responsive channel is unknown.",,,,,,
58da8e6b49fc,I observe that the record shows the target currently receives no allocation in its channel and is not focal. Predicted access to the target is moderate now and lower after a delay. The system expects channel 1 to be the more responsive channel to command variation.,,,,,,
59cf60ff6b00,"The record identifies a target with object_id 696560 assigned to channel 0, slot 2. No prediction data were supplied, so allocation probability, focal status, access_now, access_after_delay, and responsive_channel are unknown. No further claims can be made from the supplied record.",,,,,,
59efdec2bef3,I report that the target has a very low allocation probability in its channel and is not focal. Predicted access to the target is higher now and declines after two steps; channel 1 shows greater command-driven variation and is the responsive channel.,,,,,,
5b26c77b0653,"I see the target allocated 0.25 in channel 1, but that value ties with other channels so it is not uniquely focal. Predicted recoverability is 0.5 now and remains 0.5 after two steps. The responsive channel is unknown because command variation does not distinguish channels.",,,,,,
5b455a4c9d52,I report that the target is not being selected in its channel and it is not focal. The predicted probability of recovering the target is moderate now and falls after two steps. Channel 0 is the responsive channel based on greater command variation.,,,,,,
5e50654f8162,"I report that the target currently has zero allocation probability in its channel and is not focal. Predicted access to the target is higher now than after a delay, and channel 0 is the more responsive channel based on command variation.",,,,,,
5f55a3dbf636,I report that the target has a very low allocation probability and is not focal. Predicted access to the target is higher now than after a delay. Channel 0 is the responsive channel.,,,,,,
60d3e2af56b8,"The target (object 865387, channel 1 slot 3) is allocated to channel 1 with probability 0.99942. It is focal because that probability equals the channel maximum and there is one maximum. Predicted access probability now is 0.69721 and after delay is 0.38362; command variation is larger for channel 1 so channel 1 is the responsive channel.",,,,,,
6168dbf270b4,I report that the target has a very low allocation probability and is not focal. Predicted access to the target is moderate now and decreases after a delay. Channel 1 shows greater command-related variation and is the responsive channel.,,,,,,
62090de576c6,I report that the target has a very low allocation probability and is not focal. Channel 0 shows greater command-driven variation and is the responsive channel; access likelihood declines after a delay.,,,,,,
6373ff992f65,I predict the target is not being selected in its channel and therefore is not focal. The probability of recovering information about the target is moderate now and lower after a delay. Channel 0 shows greater allocation variation and is the responsive channel.,,,,,,
641e1858a424,I predict this target is very unlikely to be selected in its channel and is not focal. The chance of recovering information now is about 0.09516 and falls to about 0.05973 after two steps without resampling. Channel 1 is the responsive channel based on command variation.,,,,,,
6462e38e6182,I see the target is allocated a very small share of its channel and is not focal. The predicted probability of recovering the target now is moderate and is lower after two steps without resampling. Channel 0 is the responsive channel based on command variation.,,,,,,
6650eb477a80,"The record indicates target object 71115 is almost certainly allocated to channel 0 and is focal. Predicted access probability now is 0.87447 and after delay is 0.52352. Command variation is larger for channel 1, so channel 1 is the responsive channel.",,,,,,
6651ada9a8db,"Target object 868950 (channel 1, slot 1) has an allocation probability of 0.25, which equals the channel maximum but is one of four maxima so focality is unknown. Predicted access now and after delay are both 0.5, and command variation is equal across channels so the responsive channel is unknown.",,,,,,
665dbd0a4dbf,"The record shows the target (object 696560, channel 0, slot 2) has a very low allocation probability (0.00019) while the channel maximum is 0.99981 with one maximum, so the target is not focal. Predicted access probabilities are 0.66473 now and 0.38095 after delay. Command variation is larger for channel 1, so channel 1 is the responsive channel.",,,,,,
670524cf65c9,"Object 868950 is in channel 1 with a very high allocation probability (0.99866) and is focal. Predicted probability of recovering information about the target is 0.36169 now and 0.1948 after two steps without resampling. Command variation is larger in channel 1, so channel 1 is the responsive channel.",,,,,,
6747e0c10dcb,"I have a record for object 868950 in channel 1, slot 1. The supplied record contains no allocation probabilities or related prediction details, so I cannot determine whether it is focal or estimate access probabilities now or after delay. I also cannot identify a responsive channel from the record.",,,,,,
675d8307cc26,I predict the target is very unlikely to be selected in its channel and is not focal. The chance of recovering the target now is modest and decreases after a delay. Channel 1 shows much greater command-driven variation and is the responsive channel.,,,,,,
67b1d84e4bb1,"Target object 696560 is in channel 0 slot 2 with allocation probability 0.25; the channel maximum is 0.25 with 4 maxima, so there is a tie. Predicted access now is 0.5 and after delay is 0.5. Command variation is equal across channels (0.0), so the responsive channel is unknown.",,,,,,
67b84d3f3a86,"Target object 148604 is in channel 0, slot 2 with allocation probability 0.00053, which is less than the channel maximum 0.9994 so it is not focal. Predicted access probabilities are 0.46496 now and 0.24959 after delay. Command variation is higher for channel 0 than channel 1, so channel 0 is the responsive channel.",,,,,,
68e64a473085,"The record shows the target’s allocation probability in its channel is very low (0.00053) and the channel maximum allocation is 0.9994 with one maximum, so the target is not focal. Predicted access probabilities are 0.26144 now and 0.13338 after delay. Command variation is larger for channel 1, making channel 1 the responsive channel.",,,,,,
6c5adab127d5,I report that the system predicts the target is very unlikely to be selected in its channel. It is not focal because its allocation probability is far below the channel maximum; channel 1 is the responsive channel based on larger command variation.,,,,,,
6c76e94d4d31,"Object 868950 in channel 1 has allocation probability 0.99864 and is focal. Predicted access probabilities are 0.38354 now and 0.22112 after a delay. Command variation is larger for channel 1 (1.49921 vs 0.00204), so channel 1 is the responsive channel.",,,,,,
6cac4afc881d,I report the target is not being allocated to its channel and is not focal; selection probability is effectively zero. Predicted access to the target is limited now and falls after delay. Channel 0 shows substantially greater command-driven variation and is the responsive channel.,,,,,,
6cb89914d4f1,I report that the target is not being allocated to its channel and is therefore not focal. Predicted recoverability is moderate now and lower after a delay. Channel 0 shows much greater allocation variation and is the responsive channel.,,,,,,
6dfb3add5a39,"The record shows the target is assigned to channel 1 with allocation probability 0.0 while channel 1 has the unique maximum allocation of 1.0, so the target is not focal. Predicted access probabilities are 0.33754 now and 0.17962 after delay, and channel 0 is the responsive channel based on greater command variation.",,,,,,
6f17867aba2f,I report that the target has a very low allocation probability in its channel and is not focal. Channel 1 is the responsive channel based on command variation; predicted access probabilities now and after a delay are provided below.,,,,,,
6f8bcb074394,"The target's predicted allocation probability in its channel is 0.0, while the channel maximum is 1.0 with one maximum, so the target is not focal. Predicted access probabilities are 0.08761 now and 0.05702 after delay. Command variation is larger for channel 1, so channel 1 is the responsive channel.",,,,,,
70b5b57965e0,I report that the target is predicted not to be selected in its channel and thus is not focal. Predicted access to the target is modest now and lower after delay; channel 0 shows much greater command-driven variation and is the responsive channel.,,,,,,
7103e0e2ad9f,I assess the target is very likely selected in channel 0 and is focal. The chance of recovering target information is modest now and falls after a delay. Channel 1 is more responsive to command variation than channel 0.,,,,,,
71eb769222a6,"The record shows the target's allocation probability in channel 1 is 0.00064, far below the channel maximum of 0.99923; with one maximum this target is not focal. Predicted access probabilities are 0.48773 now and 0.26618 after delay. Command variation is larger for channel 0 (1.49924 vs 0.00233), so channel 0 is the responsive channel.",,,,,,
7385c60c14fd,"I see a target assigned to channel 0, slot 0 with object_id 255974. No predictive data were supplied, so I cannot assess focal status, access probabilities, or which channel is responsive.",,,,,,
74817701b226,I report that the record predicts the target is very likely to be selected in channel 1 and is focal. The probability of recovering the target is moderate now and lower after a delay. Channel 1 is the more responsive channel to command variation.,,,,,,
7738a23f865f,"The target is assigned to channel 0 with probability 0.00053 while the channel maximum is 0.9994 and there is one maximum, so the target is not focal. Predicted access probability for the target now is 0.46496 and after delay is 0.24959. The responsive channel is channel 1 based on greater command variation (0.00062 vs 1.49968).",,,,,,
781dd67af4b5,"The record shows the target's allocation probability is 0.0, so it is not the selected focal item; the channel maximum is 0.99988 with one maximum, so the target is not focal. Predicted access probabilities are 0.81971 now and 0.46113 after delay; channel 0 has greater command variation (1.49939 vs 0.0008) so channel 0 is the responsive channel. These are internal forecasts and may be wrong.",,,,,,
7b4fbbc892a7,I can say the system predicts the target is not focal and that current and delayed access likelihoods are unchanged. The responsive channel is unknown from the record.,,,,,,
7bae4cb528ba,I report that the target is very unlikely to be selected in its channel and is not focal; its selection probability is far below the channel maximum. Predicted recoverability is moderate now and decreases after delay. Channel 0 shows substantially greater command-driven variation and is the responsive channel.,,,,,,
7d4e5003a9b4,The target (object 9376) has a very low allocation probability (0.00008) in channel 0 and is not focal. Predicted access probabilities are 0.47441 now and 0.24718 after delay; channel 1 shows greater command variation and is the responsive channel.,,,,,,
7ddafa26bcd2,"The record shows the target's allocation probability in its channel is 0.0 and does not match the channel maximum, so it is not focal. Predicted access probabilities are 0.31822 now and 0.17165 after delay. Command variation is larger for channel 1, so channel 1 is the responsive channel.",,,,,,
7ec9e4616728,"The target (object_id 988569) is allocated to channel 1 with probability 0.0005, well below the channel maximum of 0.99767, so it is not focal. Predicted access probabilities are 0.16008 now and 0.10365 after delay. Channel 0 has greater command variation (1.49905 vs 0.00075), so channel 0 is the responsive channel.",,,,,,
81f25b5288b6,"The target is object 148604 in channel 0, slot 2. No allocation predictions were supplied, so focal status, access probabilities, and the responsive channel cannot be determined.",,,,,,
827debc8e855,"I have a record for object 988569 in channel 1, slot 1. No allocation predictions or related metrics are provided, so I cannot determine focal status, access probabilities, or the responsive channel. I report only what the record contains.",,,,,,
847d40e8a956,I see the target is currently allocated very little probability in its channel and is not focal. Access to the target is moderate now but declines after a delay. Channel 0 is the more responsive channel.,,,,,,
862f297f2fd8,I find that this target has zero allocated probability in its channel and therefore is not focal; its immediate recoverability is moderate but is predicted to decrease after two steps. The responsive channel is channel 1 based on greater command variation. These statements reflect the supplied internal forecasts and nothing beyond the record.,,,,,,
86b6a3c70346,I report that the target is not currently selected in its channel and allocation instead goes to another option. The target's information is likely recoverable now but is forecast to drop after a delay. Channel 1 is the more responsive channel to command variation.,,,,,,
8a725e65956b,I see the target has a modest allocation probability and is not focal because its allocation ties with multiple maxima. Predicted access to the target is unchanged now and after delay. Channel responsiveness is unknown because command variations are equal.,,,,,,
8ac518975f71,"I find the target is currently given a very low allocation probability and is not focal; predicted recoverability is moderate now and declines after a delay. The channel with greater command-driven variation is channel 1, so it is the responsive channel. These are internal forecasts and may be incorrect about the actual process.",,,,,,
8b0358c41a7b,"The record shows the target is in channel 0 with allocation probability 0.0; the channel maximum is 0.99991 with one maximum, so the target is not focal. Predicted access probabilities are 0.87447 now and 0.52352 after delay. Command variation is larger for channel 1, so channel 1 is the responsive channel.",,,,,,
8e54725283ee,"The record shows target object 696560 is assigned to channel 0, slot 2 with an allocation probability of 0.0; the channel maximum is 0.99999 with one maximum, so the target is not focal. Predicted access probabilities are 0.08434 now and 0.0596 after delay. Command variation is larger for channel 1, so channel 1 is the responsive channel.",,,,,,
8eeb55d12afd,I find the target has very little allocation probability in its channel and is not focal. Predicted access to the target is moderate now and drops after two steps. Channel 1 shows much greater command-driven variation and is the responsive channel.,,,,,,
9005c0f8e5db,"I predict the target is very unlikely to be selected in its channel and it is not focal. I forecast a moderate probability of recovering target information now that declines after two steps without resampling. The channel with greater command-driven allocation variation is channel 1, so channel 1 is the more responsive.",,,,,,
90081ec85f84,I report that the target has a very low allocation probability and is not focal. Predicted access to the target is modest now and lower after a delay. Channel 0 shows much greater command-driven variation and is the responsive channel.,,,,,,
9029e28c428d,"The record indicates object 71115 is allocated to channel 0, slot 0 with allocation probability 0.99991. This probability equals the channel maximum (0.99991) and there is a single maximum, so the target is focal. Predicted access probabilities are 0.29593 now and 0.15113 after delay; command variation is larger for channel 1, so channel 1 is the responsive channel.",,,,,,
91a636d01874,I see that the system strongly favors this target in channel 0 and I expect it to be focal. I estimate modest current access to the target and reduced access after two steps without resampling. Channel 1 is the more responsive channel across command variations.,,,,,,
91ee3d29c2fe,The target has a very low predicted allocation probability in its channel and is not focal. Predicted access probability to the target now is 0.41914 and after delay is 0.23466. Channel 1 shows greater command variation and is the responsive channel.,,,,,,
92d49690c0f0,The record shows object 865387 in channel 1 slot 3 with a very low allocation probability (0.00001). The channel maximum (0.99998) and single maximum imply the target is not focal. Predicted access probabilities are 0.33637 now and 0.18776 after delay; channel 0 shows greater command variation and is the responsive channel.,,,,,,
93000102a8dd,The record shows target object 848936 is assigned to channel 0 with allocation probability 0.0001 and is not focal. Predicted access probabilities are 0.25358 now and 0.15041 after delay. Channel 1 is the responsive channel based on greater command variation.,,,,,,
944d8c9b07ac,"The record shows target object 865387 in channel 1, slot 3 with an allocation probability of 0.0 and a channel maximum of 0.99998 (one maximum), so the target is not focal. Predicted access probabilities are 0.33637 now and 0.18776 after delay. Command variation is larger for channel 0, so channel 0 is the responsive channel.",,,,,,
953dff48b931,"The target's allocation probability is 0.0 and does not match the channel maximum, so it is not focal despite there being one channel maximum. Predicted access probabilities are 0.20676 now and 0.1163 after delay. Channel 0 is the responsive channel due to greater command variation.",,,,,,
958023e7219a,"I report that the target is not focal; its predicted recoverability now is higher than after a delay, and channel 1 shows greater command-driven variation.",,,,,,
9700de9b29bb,"I predict this object has a 0.25 allocation probability and shares the channel maximum with others, so it is not uniquely focal. Predicted access probability to the object's information is 0.5 now and remains 0.5 after delay. Command variation is equal across channels, so the responsive channel is unknown.",,,,,,
9708fb466da6,"The record shows the target's allocation probability in its channel is 2e-05, while the channel maximum is 0.99997 with one maximum. Predicted access probabilities are 0.53558 now and 0.28954 after the delay; command variation is larger for channel 0, making channel 0 the responsive channel.",,,,,,
984c2600017c,"I report that the target is not selected in its channel: its allocation probability is zero while the channel maximum is one, so it is not focal. The predicted probabilities of recovering the target now and after a delay are provided below. Channel 0 is the responsive channel because its command variation exceeds channel 1's.",,,,,,
99b5b44d0419,"The record shows the target has allocation probability 0.0 for its channel and is not focal. Predicted access probability is 0.34934 now and 0.1965 after two steps without resampling. Command variation is larger for channel 0, making channel 0 the responsive channel.",,,,,,
9b8ef4890d3c,I report that the target is very unlikely to be selected in its channel and is not focal given a different allocation dominates that channel. Channel 0 appears to be the responsive channel because its allocation varies more across commands. I provide predicted access probabilities now and after a short delay below.,,,,,,
9cb1ea1e388b,The record shows the target is assigned to channel 0 with allocation probability 0.0 and is not focal. Predicted access probabilities are 0.54868 now and 0.30863 after delay. Channel 1 is the responsive channel due to greater command variation.,,,,,,
9cf169c1885d,The record shows the target is assigned to channel 1 with allocation probability 0.0 and is not focal. Predicted access probabilities are 0.10814 now and 0.06083 after delay. Channel 0 is the responsive channel (command variation 1.5 vs 0.0).,,,,,,
9d0a4f77b3dc,I assess the target is unlikely to be selected in its channel and is not focal. Its predicted recoverability is moderate now and declines after a delay; channel 0 shows much greater command-driven variation and is the responsive channel.,,,,,,
9d3f435fcc33,"I have a target in channel 1, slot 3, object 582362. No allocation predictions were supplied, so I cannot state focal status, access probabilities now or after delay, or which channel is responsive.",,,,,,
9e33be0ab152,"The target has allocation probability 0.0 in its channel while the channel maximum is 1.0 with one maximum, so it is not focal. Predicted access probabilities are 0.07371 now and 0.04146 after delay. Channel 1 is the responsive channel (command variation 1.5 vs 0.0 for channel 0).",,,,,,
9e4609d7188e,"The record shows the target is allocated to channel 0 with probability 0.99991, which equals the channel maximum and is unique, so the target is focal. Predicted access probabilities are 0.87447 now and 0.52352 after two steps; channel 0 shows greater command variation and is the responsive channel.",,,,,,
a0446afc8f84,"The record shows the specified object is assigned a very low allocation probability in its channel, far below the channel maximum. It is not focal and predicted access probability is 0.33637 now and 0.18776 after two steps without resampling. Channel 0 exhibits greater command variation and is the responsive channel.",,,,,,
a16a0577886a,"The target is assigned to channel 0 with allocation probability 0.00011, far below the channel maximum 0.99966, so it is not focal. Predicted access probabilities are 0.13677 now and 0.08079 after two steps; command variation is larger for channel 1, making channel 1 the responsive channel.",,,,,,
a29087b3ecc4,"I find that the target has very low allocation probability in its channel and is not treated as focal; the chance to recover information is moderate now and decreases after two steps. Channel 1 shows substantially greater allocation variation with command changes, so it is the more responsive channel.",,,,,,
a60e7d752e07,"I report that the system strongly selects this object in channel 0; I expect high immediate recoverability but substantially reduced access after a delay. The target is focal, and channel 0 is the more responsive channel.",,,,,,
a824052f43fc,"I currently assign no probability to the target being selected in its channel. The record shows the target is not focal, and channel 0 exhibits greater command variation so it is the responsive channel. I predict some chance of recovering target information now and a lower chance after a delay.",,,,,,
a83f381571b5,The target is in channel 1 with a low allocation probability (0.00086) compared to the channel maximum (0.99817) and there is one maximum. It is not focal. Predicted access probabilities are 0.03395 now and 0.02949 after delay; channel 1 has greater command variation (1.49912 vs 0.00017) and is the responsive channel.,,,,,,
a9699e5a5a1d,"The record indicates target object 696560 (channel 0, slot 2) has allocation probability 0.0 and is not focal. Predicted access probability now is 0.33126 and after delay is 0.18633. Command variation suggests channel 1 is the responsive channel.",,,,,,
aa7241b3f099,I see that the target is not being allocated processing in its channel and thus is not focal. Its current chance of recovery is low and is predicted to fall further after a delay. Channel 0 is the more responsive channel to command variation.,,,,,,
aaaec44a38d8,"I report that this target is currently the sole focal allocation in channel 0, with very high immediate recoverability that drops after two steps. I predict strong selection certainty for this object and that channel 1 is the more responsive channel under command variation. These are internal forecasts and may be incorrect.",,,,,,
abe867091788,I report that the system predicts very little allocation to the target in its channel and it is not focal; the channel maximum is much higher than the target probability. Predicted access to the target is moderate now and lower after delay. Channel 0 shows much greater command variation and is the responsive channel according to the record.,,,,,,
b0704190f139,"Target refers to object 255974 in channel 0, slot 0. No prediction data were supplied, so no allocation, focality, access probabilities, or responsive-channel information can be determined.",,,,,,
b288f2afcf90,"The target's selection probability in channel 0 is 0.25, which equals the channel maximum but that maximum is shared (four maxima), so focal status is unknown. Predicted access probability is 0.5 now and remains 0.5 after delay. Command variation is equal across channels, so the responsive channel is unknown.",,,,,,
b4fc9e6cef1d,"I see that the target’s allocation probability matches the channel maximum but is part of a four-way tie, so it is not uniquely focal. Predicted access to the target now and after two steps is unchanged. The channels show no responsive difference in these forecasts.",,,,,,
b6c36eb2422d,I report that the target's allocation probability in its channel is very low and the target is not focal. Predicted access probability for the target is modest now and is lower after two steps without resampling. Channel 1 shows greater command variation and is the responsive channel.,,,,,,
b94a59eed309,I report that the target is not allocated to its channel and so is not focal; it currently has moderate predicted recoverability that is forecast to decline after a delay. Channel 1 shows greater command-driven variation and is thus the responsive channel in these predictions.,,,,,,
b9735680985c,"The record shows target object 696560 assigned to channel 0, slot 2 with allocation probability 0.00019. Channel maximum allocation is 0.99981 with one maximum, so the target is not focal. Predicted access probabilities are 0.31822 now and 0.17165 after delay; channel 1 is the responsive channel due to greater command variation.",,,,,,
ba86207cdae4,I report that the target has a very low allocation probability in channel 1 and is not focal. Predicted access now is moderate and is expected to decrease after two steps without resampling. Channel 0 shows greater command-driven variation and is the responsive channel.,,,,,,
bc810f55c819,I find that the target is predicted not to be selected in its channel and therefore is not focal. Channel 1 is predicted to be the responsive channel. Predicted access to the target is nonzero now but declines after a delay.,,,,,,
bca282774c45,"The record indicates the target (object_id 71115) is effectively certain to be allocated in channel 0 and is focal (its allocation probability equals the channel maximum and there is one maximum). Predicted immediate access probability is 0.89813, dropping to 0.57823 after two steps without resampling. Command variation is larger for channel 1, so channel 1 is the responsive channel.",,,,,,
bd45e9a9f36e,I report that the target is predicted to be very unlikely to be selected in its channel and is not focal. Current access probability is moderate and is forecast to decrease after two steps; channel 0 is the responsive channel due to greater command variation.,,,,,,
be0592a6c9d5,"I predict the object has a 0.25 allocation probability, but that probability is tied among multiple channel maxima so focal status is unknown. Predicted access now and after delay are both 0.5. Command variation is equal across channels, so the responsive channel is unknown.",,,,,,
c3425e495067,I report that the target is not currently selected for allocation and therefore is not focal. The probability of recovering information about it is moderate now and declines after two steps. Channel 1 shows substantially greater allocation variation across commands and is the responsive channel.,,,,,,
c3e3c8236da9,The record shows the object is almost fully allocated to channel 1 and is focal. Predicted access probability now is 0.27967 and declines to 0.16585 after two steps; channel 1 is the responsive channel. These are internal forecasts and may be incorrect.,,,,,,
c5c1b4ec4f21,"Target object 848936 is in channel 0, slot 2 and currently has a very low predicted allocation probability (0.0001). The channel maximum (0.99976) and the target probability indicate the target is not focal. Predicted access probabilities are 0.33805 now and 0.18188 after delay; channel 1 shows greater command variation and is the responsive channel.",,,,,,
c6131bfffcdd,"The record shows the target's allocation probability in its channel is 0.0 while the channel maximum is 1.0 with one maximum, so the target is not focal. Predicted access probabilities are 0.4664 now and 0.26235 after delay; channel 1 is the more responsive channel (greater command variation).",,,,,,
c6eb889ed6d9,The target's allocation probability is 0.0 and it is not focal. Predicted access probabilities are 0.19785 now and 0.11719 after delay. The responsive channel is channel 1.,,,,,,
c707fe7b9cd9,I report that the system is highly likely to allocate the target to channel 1 and that the target is focal. My forecast indicates a modest chance of recovering target information now which decreases after two steps. Channel 0 is the more responsive channel under command variation.,,,,,,
c72af9730615,"The record shows the target is assigned to channel 0 with a very low allocation probability (0.0002) while the channel maximum is 0.99966 and there is a single maximum. Predicted access probability for the target now is 0.13677 and after delay is 0.08079. Command variation is much larger for channel 1 than channel 0, indicating channel 1 is the responsive channel.",,,,,,
c740b545df75,I report that this target is not selected in its channel and is not focal. Predicted access to the target is low now and lower after a delay. Channel 1 shows substantially greater command-driven variation and is the responsive channel.,,,,,,
c7af839a9875,"The target has allocation probability 0.0 in its channel and is not focal because its probability does not equal the single channel maximum (1.0). Predicted access probabilities are 0.52954 now and 0.28085 after delay. Command variation is larger for channel 1, so channel 1 is the responsive channel.",,,,,,
c7bfa7d95d37,I report that this target is almost certainly selected in its channel and qualifies as a focal object. Predicted access to the target is high now and is forecast to decline after two steps. Channel 1 is the more responsive channel based on command variation.,,,,,,
c92e3ac8767b,"The record refers to object 582362 located in channel 1, slot 3. No prediction data were supplied, so allocation probability, channel maxima, access probabilities, and command-variation information are unavailable.",,,,,,
c936061d0fce,"The predicted allocation probability for the target in channel 0 is 0.0 while the channel maximum is 1.0 with one maximum, so the target is not focal. Predicted access probabilities are 0.38431 now and 0.21618 after two steps without resampling. Command variation is larger for channel 1 (1.5 vs 0.0), so channel 1 is the responsive channel.",,,,,,
c9931c5305bc,I see the target has a very low allocation probability in its channel and is not focal; predicted access is modest now and lower after a delay. Channel 1 shows substantially more command-driven variation and is the responsive channel. These are internal forecasts and may be incorrect.,,,,,,
ca39a6ccd43a,The target has a very low allocation probability in its channel and is not focal. Predicted access probability now is 0.47441 and after delay is 0.24718. Channel 0 shows greater command variation and is the responsive channel.,,,,,,
cbe6e0e173b4,"The target's allocation probability in channel 0 is 0.0, so it is not selected there. It is not focal because its probability (0.0) does not equal the channel maximum (0.99999) with one maximum. Predicted access now is 0.47032 and after delay 0.2729; channel 1 is the responsive channel (command variation 1.49805 vs 0.00064).",,,,,,
cc8d8ce62eec,"I find the target is very unlikely to be selected in its channel and is not focal; the channel maximum is far larger than the target's allocation. Predicted access to the target is modest now and lower after a delay. Channel 1 shows much greater command-driven variation, so it is the responsive channel.",,,,,,
cdf8bf0377a7,The target (object 988569) has a very low allocation probability in its channel (0.00064) compared to the channel maximum (0.99923). Predicted access probabilities are 0.17184 now and 0.11625 after delay. Channel 0 shows greater command variation than channel 1.,,,,,,
ce0324d049d6,"The target (object 868950 in channel 1 slot 1) has a very high allocation probability (0.99864) and is therefore the focal target. Predicted access probabilities are 0.27967 now and 0.16585 after two steps without resampling. Command variation is higher for channel 0, making channel 0 the responsive channel.",,,,,,
ce2040655872,The target is allocated to channel 1 with probability 0.99864 and is focal (its probability equals the channel maximum and there is a single maximum). Predicted access probabilities are 0.27967 now and 0.16585 after two steps; channel 1 is the responsive channel (greater command variation).,,,,,,
cf680bc91981,"The record shows the target's allocation probability in its channel is 0.0, while that channel's maximum allocation is 0.99988 with one maximum, so the target is not focal. Predicted access probabilities are 0.19785 now and 0.11719 after two steps without resampling. Command variation is larger for channel 0 than channel 1, so channel 0 is the responsive channel.",,,,,,
cff5ca97825a,"I judge the system is very unlikely to select the target in its channel, so the target is not focal. I predict moderate immediate recoverability that decreases after a delay. Channel 1 is the more responsive to command variation.",,,,,,
d036550cb32d,I find the target has a very low allocation probability and is not focal; its predicted recoverability is moderate now and lower after delay. Channel 0 shows much greater command-driven variation and is the responsive channel. I make no claims beyond the supplied record.,,,,,,
d178233984cb,"The target (object 514276 in channel 1 slot 3) currently has allocation probability 0.0 and is not selected in its channel. The channel maximum allocation is 1.0 with one maximum, so the target is not focal. Predicted access is 0.22489 now and 0.1265 after delay; channel 1 has greater command variation and is the responsive channel.",,,,,,
d2df2a011670,I report that the target currently has a very low allocation probability and is not focal; most allocation is concentrated in another channel. The predicted access probability is moderate now and decreases after a delay. Channel 0 shows substantially greater command-driven variation than channel 1.,,,,,,
d41828e5f71a,"I see that the target is unlikely to be selected in its channel and is not focal; recovery chances are modest now and decrease after a delay. Channel 1 shows substantially more variation across commands, making it the responsive channel according to the record.",,,,,,
d6d4e919e6c7,"The target is almost certainly selected in channel 0 with allocation probability 0.99991, making it focal. Predicted probability of recovering the target now is 0.87447 and 0.52352 after two steps without resampling. Channel 1 shows greater command variation and is the responsive channel.",,,,,,
d6e60cf1abc4,The record shows target object 148604 is allocated to channel 0 with probability 0.99006 and is focal. Predicted access probabilities are 0.16898 now and 0.12212 after delay. Channel 0 is the responsive channel based on command variation.,,,,,,
d7ef3debbdc2,"I estimate the target has a modest allocation probability and is part of a tie for the channel maximum, so it is not focal. Predicted access to the target is unchanged now and after delay. The channels show equal command variation, so the responsive channel is unknown.",,,,,,
d860d0158906,"I report that the target has a very low allocation probability and is not focal. Predicted access to the target is moderate now and lower after a delay, and channel 1 is the responsive channel.",,,,,,
d8ec9525bb87,"The target's allocated probability to its channel is very low and does not equal the channel maximum, so it is not focal. Predicted access probability now is 0.19683 and after delay is 0.1097. Channel 0 shows greater command variation and is the responsive channel.",,,,,,
d923a8f142f2,"The record shows the target is in channel 0 with allocation probability 0.00011 while the channel maximum is 0.99966 with one maximum, so the target is not focal. Predicted access now is 0.13459 and after delay is 0.08735. Command variation is larger for channel 1 (1.49957 vs 0.00061), so channel 1 is the responsive channel.",,,,,,
dafb246141bd,"The target's allocation probability to its channel is very low compared with the channel maximum, so it is not focal. Predicted access probabilities are 0.47441 now and 0.24718 after two steps without resampling. Channel 1 shows greater command variation and is the responsive channel.",,,,,,
e1fcfcb71ac3,I report that the target has a very low allocation probability and is not focal. Predicted access to the target is modest now and lower after delay. Channel 1 is the more responsive channel based on command variation.,,,,,,
e43f340e9d9d,"The record shows object 988569 is assigned to channel 1, slot 1. No allocation predictions, access probabilities, channel maxima, or command-variation data were supplied, so focal status, access_now, access_after_delay, and responsive channel are unknown.",,,,,,
e46f2a3cc122,I find the target is given a very low allocation probability and is not focal; predicted access to the target is moderate now and decreases after a delay. Channel 1 shows markedly greater command variation and is the responsive channel.,,,,,,
e504ab8c5484,The target has a very low allocation probability in its channel and is unlikely to be selected. It is not focal because its allocation probability does not equal the channel maximum (there is one maximum). Predicted access probability is 0.19785 now and 0.11719 after delay; channel 0 is the more responsive channel based on command variation.,,,,,,
e54fe39c7089,"I report the target is almost certainly allocated to channel 1 and is focal under the current allocation; I assess moderate immediate recoverability which declines after delay, and channel 1 shows the greater command-driven variation.",,,,,,
e5b4c784aa6e,"The target (object 9376) has a very low allocation probability in channel 0 (0.00008) while the channel maximum is 0.99989 with one maximum, so the target is not focal. Predicted access probabilities are 0.12863 now and 0.06808 after delay. Command variation is larger for channel 1 (1.49889 vs 0.00125), so channel 1 is the responsive channel.",,,,,,
e631cf0857e3,"The record shows object 9376 is allocated to channel 0 with probability 0.99984 and this equals the channel maximum with one maximum, so it is focal. Predicted access probabilities are 0.81442 now and 0.50009 after delay. Channel 0 is the responsive channel due to higher command variation (1.49924 vs 0.00233).",,,,,,
e7ff118798a4,I predict the target is very unlikely to be selected in its channel and it is not focal. I estimate moderate probability of recovering the target now and a substantially lower probability after delay; channel 1 is the more responsive channel.,,,,,,
e85994e94f55,"I report that the target is currently fully allocated to channel 1 and is focal according to the record. Predicted access to the target is 0.34687 now and 0.19511 after two steps, and channel 1 is the responsive channel.",,,,,,
e8c124ae252a,I report that the system predicts the target is allocated a very small share of its channel and is not focal; the channel maximum is substantially higher than the target's probability. Predicted immediate access is moderate and is expected to decline after two steps. Channel 1 shows greater command variation and is the more responsive channel.,,,,,,
e9b6d6239e85,"Target object 696560 is assigned to channel 0, slot 2 with a very low allocation probability (0.00019) compared to the channel maximum (0.99981). It is not focal because its probability does not equal the single channel maximum. Predicted access probabilities are 0.31822 now and 0.17165 after delay, and channel 1 shows greater command variation than channel 0, so channel 1 is the responsive channel.",,,,,,
ead61426c4e5,"I see the system assigns the target a very small allocation probability and it is not the focal object. Predicted immediate access to the target is modest and is expected to decline after two steps without resampling. Channel 1 shows substantially greater allocation variation across commands, so it is the more responsive channel.",,,,,,
eb9a04a35434,"I report that the target is predicted to have a very low selection probability and is not focal. I can recover some information about the target now, with a reduced chance after two steps without resampling. The system's allocations are more responsive in channel 1 than in channel 0.",,,,,,
ec54824f6db1,"The record indicates the target's allocation probability in its channel is very small (8e-05) compared to the channel maximum (0.99989) and thus it is not focal. Predicted access probability now is 0.47441, dropping to 0.24718 after delay. Channel 1 shows greater command variation and is the responsive channel.",,,,,,
ed0add0892d2,"The target (object 188038 in channel 1, slot 1) has allocation probability 0.0 and is not focal; the channel maximum is 0.99988 with one maximum. Predicted access probability now is 0.19785 and after delay is 0.11719. Command variation is larger for channel 0, so channel 0 is the responsive channel.",,,,,,
f07c0206935d,"I predict the system is almost certain to allocate to the target in channel 0, and the target is focal with a unique maximum. I expect reasonably high immediate access that drops after a delay. Channel 0 shows much greater command-driven variation and is therefore the responsive channel.",,,,,,
f1371993646a,"I report that the target's allocation probability matches the channel maximum but that this maximum is shared, so focal status is indeterminate. Predicted access probability is the same now and after the delay, and channel responsiveness is unclear from the command variation.",,,,,,
f1ca8245e736,"I have a target object (ID 71115) assigned to channel 0, slot 0, but no allocation or prediction data were provided. I cannot determine focal status, access probabilities, or a responsive channel from the record.",,,,,,
f2fd1c536997,"The record shows the target's allocation probability is 0.0 while channel 1's maximum is 0.9999 with one maximum, so the target is not focal. Predicted access probabilities are 0.21583 now and 0.13039 after delay. Command variation is larger for channel 0, making channel 0 the responsive channel.",,,,,,
f499a0bcbb65,"The target's allocation probability is 0.25, which equals the channel maximum but that maximum is shared among four channels, so the target is not focal. Predicted access probability to the target is 0.5 now and remains 0.5 after delay. Command variation is equal across channels, so the responsive channel is unknown.",,,,,,
f49d8bf3ddcd,I assess that the target is very unlikely to be selected in its channel and is not focal; there is one channel maximum but the target's allocation probability is far below it. Predicted immediate and delayed access probabilities are 0.47441 and 0.24718 respectively. The responsive channel is channel 1 based on greater command variation.,,,,,,
f6f7a32e3cae,I report that the system assigns the target a very small allocation probability and it is not focal; recovery likelihood is modest now and drops after delay. Channel 1 shows much larger command-driven variation and is the responsive channel. These statements reflect the supplied record only.,,,,,,
f76cb8ba860c,I report that the target is not currently allocated to its channel and is non-focal. The predicted chance to recover the target now is moderate and is forecast to decrease after two steps; channel 0 shows much greater command-driven variation and is the responsive channel.,,,,,,
f7cc226793d5,"Object 848936 is assigned to channel 0, slot 2 with allocation probability 0.00048. It is not focal because its probability does not equal the channel maximum (0.99791) and there is one maximum. Predicted access probabilities are 0.22541 now and 0.13796 after delay; channel 0 is the responsive channel (variation 1.49838 vs 0.002).",,,,,,
f8d4ff42c750,"The record indicates the target (object 71115 in channel 0, slot 0) is allocated with probability 1.0 and is focal. Predicted access probability now is 0.92748 and after delay is 0.52171. Channel 1 shows greater command variation (1.5 vs 0.0), so channel 1 is the responsive channel.",,,,,,
fa5c848221bb,"Target is in channel 1, slot 1 (object_id 988569) with allocation probability 7e-05, well below the channel maximum 0.99923 (one maximum), so it is not focal. Predicted access probability now is 0.17184 and after delay is 0.11625. Command variation is larger for channel 0 (1.49924 vs 0.00233), so channel 0 is the responsive channel.",,,,,,
fae5447afcba,"I see a target object with id 188038 assigned to channel 1, slot 1. No allocation or prediction data were supplied, so I cannot report its selection probability, focality, access probabilities, or which channel is responsive. No further claims can be made from the record.",,,,,,
fcb41569804a,I report that this object is effectively the focal target in channel 1 with a very high allocation probability; predicted access is moderate now and declines after a delay. Channel 1 shows much greater allocation variation and is the responsive channel.,,,,,,
fd21a502201b,The target has a very low allocation probability (6e-05) and is not focal. Predicted access probability is 0.09516 now and 0.05973 after delay. Channel 1 is the responsive channel based on command variation.,,,,,,
fe25c6d02c44,"The target has a very low allocation probability (1e-05) in channel 1, far below the channel maximum (0.99998), so it is not focal. Predicted access probabilities are 0.33637 now and 0.18776 after delay. Channel 1 shows greater command variation (1.49949 vs 0.00032), so channel 1 is the responsive channel.",,,,,,
ffd4e3329d29,I report that the system assigns a very low allocation probability to the target and it is not the focal object. Predicted access to the target is moderate now and lower after delay. Channel 0 shows greater command-driven variation and is the responsive channel.,,,,,,
