seed,condition,policy,trial_count,answer_count,abstention_count,correct_answer_count,incorrect_answer_count,answer_fraction,accuracy_when_answering,raw_argmax_accuracy,physical_target_acquired_fraction,physical_query_recovery_mean,physical_threshold_answer_fraction,modeled_physical_answer_mismatch_fraction,physical_confidence_regret_mean,attenuated_answer_count,attenuation_preserves_raw_labels,response_restoration_exact
2011,0,model_guided,2048,2048,0,2046,2,1.0,0.9990234375,0.9990234375,0.99951171875,0.799974065128481,1.0,0.0,1.944095129147172e-05,0,True,True
2011,0,random_command,2048,761,1287,759,2,0.37158203125,0.9973718791064389,0.9990234375,0.2578125,0.38163091812111816,0.36474609375,0.0166015625,0.31307580873544794,0,True,True
2011,0,swapped_effect_guided,2048,517,1531,517,0,0.25244140625,1.0,0.9990234375,0.09814453125,0.2988157586464695,0.236328125,0.02001953125,0.3750571552081965,0,True,True
2011,0,restored_guided,2048,2048,0,2046,2,1.0,0.9990234375,0.9990234375,0.99951171875,0.799974065128481,1.0,0.0,1.944095129147172e-05,0,True,True
2011,1,model_guided,2048,883,1165,882,1,0.43115234375,0.9988674971687429,0.9990234375,0.25,0.4381093810843595,0.39990234375,0.03515625,0.0,0,True,True
2011,1,random_command,2048,844,1204,843,1,0.412109375,0.9988151658767772,0.9990234375,0.25,0.4381093810843595,0.39990234375,0.02490234375,0.0,0,True,True
2011,1,swapped_effect_guided,2048,849,1199,848,1,0.41455078125,0.9988221436984688,0.9990234375,0.25,0.4381093810843595,0.39990234375,0.0224609375,0.0,0,True,True
2011,1,restored_guided,2048,883,1165,882,1,0.43115234375,0.9988674971687429,0.9990234375,0.25,0.4381093810843595,0.39990234375,0.03515625,0.0,0,True,True
2011,-1,model_guided,2048,859,1189,858,1,0.41943359375,0.9988358556461001,0.9990234375,0.25,0.4381093810843595,0.39990234375,0.0263671875,0.0,0,True,True
2011,-1,random_command,2048,831,1217,831,0,0.40576171875,1.0,0.9990234375,0.25,0.4381093810843595,0.39990234375,0.0234375,0.0,0,True,True
2011,-1,swapped_effect_guided,2048,837,1211,837,0,0.40869140625,1.0,0.9990234375,0.25,0.4381093810843595,0.39990234375,0.0224609375,0.0,0,True,True
2011,-1,restored_guided,2048,859,1189,858,1,0.41943359375,0.9988358556461001,0.9990234375,0.25,0.4381093810843595,0.39990234375,0.0263671875,0.0,0,True,True
2021,0,model_guided,2048,2046,2,2046,0,0.9990234375,1.0,0.99951171875,0.99853515625,0.7998573643853888,0.9990234375,0.0,0.00010698102414608002,0,True,True
2021,0,random_command,2048,721,1327,721,0,0.35205078125,1.0,0.99951171875,0.23974609375,0.37211811289262187,0.3388671875,0.01806640625,0.3197223307797685,0,True,True
2021,0,swapped_effect_guided,2048,640,1408,640,0,0.3125,1.0,0.99951171875,0.19287109375,0.34898970257358997,0.302734375,0.0146484375,0.3370771323243389,0,True,True
2021,0,restored_guided,2048,2046,2,2046,0,0.9990234375,1.0,0.99951171875,0.99853515625,0.7998573643853888,0.9990234375,0.0,0.00010698102414608002,0,True,True
2021,1,model_guided,2048,864,1184,864,0,0.421875,1.0,0.99951171875,0.25,0.4383213539058488,0.39501953125,0.03173828125,0.0,0,True,True
2021,1,random_command,2048,822,1226,822,0,0.4013671875,1.0,0.99951171875,0.25,0.4383213539058488,0.39501953125,0.02490234375,0.0,0,True,True
2021,1,swapped_effect_guided,2048,829,1219,829,0,0.40478515625,1.0,0.99951171875,0.25,0.4383213539058488,0.39501953125,0.021484375,0.0,0,True,True
2021,1,restored_guided,2048,864,1184,864,0,0.421875,1.0,0.99951171875,0.25,0.4383213539058488,0.39501953125,0.03173828125,0.0,0,True,True
2021,-1,model_guided,2048,864,1184,864,0,0.421875,1.0,0.99951171875,0.25,0.4383213539058488,0.39501953125,0.03466796875,0.0,0,True,True
2021,-1,random_command,2048,824,1224,824,0,0.40234375,1.0,0.99951171875,0.25,0.4383213539058488,0.39501953125,0.02880859375,0.0,0,True,True
2021,-1,swapped_effect_guided,2048,835,1213,835,0,0.40771484375,1.0,0.99951171875,0.25,0.4383213539058488,0.39501953125,0.029296875,0.0,0,True,True
2021,-1,restored_guided,2048,864,1184,864,0,0.421875,1.0,0.99951171875,0.25,0.4383213539058488,0.39501953125,0.03466796875,0.0,0,True,True
2031,0,model_guided,2048,2046,2,2046,0,0.9990234375,1.0,1.0,1.0,0.800000011920929,0.9990234375,0.0,0.0,0,True,True
2031,0,random_command,2048,733,1315,733,0,0.35791015625,1.0,1.0,0.2431640625,0.3753271744940321,0.35302734375,0.015625,0.31722046273353044,0,True,True
2031,0,swapped_effect_guided,2048,691,1357,691,0,0.33740234375,1.0,1.0,0.19287109375,0.36233881494445086,0.33349609375,0.0205078125,0.3271474517241586,0,True,True
2031,0,restored_guided,2048,2046,2,2046,0,0.9990234375,1.0,1.0,1.0,0.800000011920929,0.9990234375,0.0,0.0,0,True,True
2031,1,model_guided,2048,892,1156,892,0,0.435546875,1.0,1.0,0.25,0.4442448120644258,0.4072265625,0.0302734375,0.0,0,True,True
2031,1,random_command,2048,857,1191,857,0,0.41845703125,1.0,1.0,0.25,0.4442448120644258,0.4072265625,0.02392578125,0.0,0,True,True
2031,1,swapped_effect_guided,2048,847,1201,847,0,0.41357421875,1.0,1.0,0.25,0.4442448120644258,0.4072265625,0.01708984375,0.0,0,True,True
2031,1,restored_guided,2048,892,1156,892,0,0.435546875,1.0,1.0,0.25,0.4442448120644258,0.4072265625,0.0302734375,0.0,0,True,True
2031,-1,model_guided,2048,878,1170,878,0,0.4287109375,1.0,1.0,0.25,0.4442448120644258,0.4072265625,0.0283203125,0.0,0,True,True
2031,-1,random_command,2048,843,1205,843,0,0.41162109375,1.0,1.0,0.25,0.4442448120644258,0.4072265625,0.02392578125,0.0,0,True,True
2031,-1,swapped_effect_guided,2048,844,1204,844,0,0.412109375,1.0,1.0,0.25,0.4442448120644258,0.4072265625,0.0283203125,0.0,0,True,True
2031,-1,restored_guided,2048,878,1170,878,0,0.4287109375,1.0,1.0,0.25,0.4442448120644258,0.4072265625,0.0283203125,0.0,0,True,True
