seed,condition,policy,paired_trial_branches,command_change_count,task_buffer_allocation_change_count,task_buffer_physical_recovery_change_count,task_buffer_modeled_recovery_change_count,response_change_count,physical_threshold_response_change_count,raw_category_change_count
2011,0,model_guided,2048,0,0,0,0,0,0,0
2011,0,random_command,2048,1520,1520,1520,1520,1287,1301,0
2011,0,swapped_effect_guided,2048,1846,1846,1846,1846,1531,1564,0
2011,0,restored_guided,2048,0,0,0,0,0,0,0
2011,1,model_guided,2048,0,0,0,0,0,0,0
2011,1,random_command,2048,1553,0,0,1553,39,0,0
2011,1,swapped_effect_guided,2048,1479,0,0,1479,34,0,0
2011,1,restored_guided,2048,0,0,0,0,0,0,0
2011,-1,model_guided,2048,0,0,0,0,0,0,0
2011,-1,random_command,2048,1553,0,0,1553,28,0,0
2011,-1,swapped_effect_guided,2048,1033,0,0,1033,22,0,0
2011,-1,restored_guided,2048,0,0,0,0,0,0,0
2021,0,model_guided,2048,0,0,0,0,0,0,0
2021,0,random_command,2048,1555,1555,1555,1555,1325,1352,0
2021,0,swapped_effect_guided,2048,1653,1653,1653,1653,1406,1426,0
2021,0,restored_guided,2048,0,0,0,0,0,0,0
2021,1,model_guided,2048,0,0,0,0,0,0,0
2021,1,random_command,2048,1548,0,0,1548,42,0,0
2021,1,swapped_effect_guided,2048,1472,0,0,1472,35,0,0
2021,1,restored_guided,2048,0,0,0,0,0,0,0
2021,-1,model_guided,2048,0,0,0,0,0,0,0
2021,-1,random_command,2048,1529,0,0,1529,40,0,0
2021,-1,swapped_effect_guided,2048,1074,0,0,1074,29,0,0
2021,-1,restored_guided,2048,0,0,0,0,0,0,0
2031,0,model_guided,2048,0,0,0,0,0,0,0
2031,0,random_command,2048,1550,1550,1550,1550,1313,1323,0
2031,0,swapped_effect_guided,2048,1653,1653,1653,1653,1355,1363,0
2031,0,restored_guided,2048,0,0,0,0,0,0,0
2031,1,model_guided,2048,0,0,0,0,0,0,0
2031,1,random_command,2048,1509,0,0,1509,35,0,0
2031,1,swapped_effect_guided,2048,1510,0,0,1510,45,0,0
2031,1,restored_guided,2048,0,0,0,0,0,0,0
2031,-1,model_guided,2048,0,0,0,0,0,0,0
2031,-1,random_command,2048,1545,0,0,1545,35,0,0
2031,-1,swapped_effect_guided,2048,1199,0,0,1199,34,0,0
2031,-1,restored_guided,2048,0,0,0,0,0,0,0
