seed,route,episode,buffer0_TV,buffer1_TV,buffer0_classified_controlled,buffer1_classified_controlled,expected_buffer0_controlled,expected_buffer1_controlled,threshold
2021,1->-1,17,0.001559046097099781,1.4591867923736572,False,True,False,False,0.75
2021,1->-1,54,0.00029194564558565617,1.4858505725860596,False,True,False,False,0.75
2021,1->-1,96,0.00037926831282675266,1.4820544719696045,False,True,False,False,0.75
2021,1->-1,156,0.00015149731189012527,1.447505235671997,False,True,False,False,0.75
2021,1->-1,183,0.0016339011490345001,1.3664252758026123,False,True,False,False,0.75
2021,1->-1,232,0.0005503008724190295,1.3874633312225342,False,True,False,False,0.75
2021,1->-1,310,0.0007316924165934324,1.481795072555542,False,True,False,False,0.75
2021,1->-1,379,0.0005958385881967843,1.4898505210876465,False,True,False,False,0.75
2031,0->-1,33,0.8004939556121826,9.409603080712259e-05,True,False,False,False,0.75
