seed,old_condition,new_condition,observations,no_feedback_effect_accuracy,feedback_effect_accuracy,feedback_control_accuracy,no_feedback_prior_control_accuracy,no_feedback_recovery_mae,feedback_recovery_mae,feedback_current_recovery_mae,paired_episode_improvement
2011,0,0,1,1.0,1.0,1.0,1.0,0.019094943189600144,0.01910944346280985,0.019472707184604587,0.31640625
2011,0,0,2,1.0,1.0,1.0,1.0,0.019891539565605854,0.019934766957135253,0.019233760286397228,0.234375
2011,0,0,4,1.0,1.0,1.0,1.0,0.02052894874981348,0.02058524809302753,0.01993444567347069,0.2265625
2011,0,0,8,1.0,1.0,1.0,1.0,0.020635167246155106,0.020684758393940683,0.020254407693073517,0.25390625
2011,0,0,16,1.0,1.0,1.0,1.0,0.02070851441646937,0.020754217075136694,0.020433029365904076,0.228515625
2011,0,1,1,0.25,0.25146484375,0.0,1.0,0.2850518937125912,0.22738191808707597,0.0414377782358315,0.849609375
2011,0,1,2,0.25,0.41650390625,0.037109375,1.0,0.2981045190081204,0.19332275510441832,0.05356453534363936,0.958984375
2011,0,1,4,0.25,0.82421875,0.591796875,1.0,0.2712990886275293,0.08467155558503237,0.053111171392856704,0.99609375
2011,0,1,8,0.25,0.994873046875,0.98828125,1.0,0.2691044508537743,0.02507464873846743,0.02703471437018834,0.998046875
2011,0,1,16,0.25,1.0,1.0,1.0,0.26465894470766216,0.021077577644518897,0.021180172579533973,1.0
2011,0,-1,1,0.625,0.625,0.0,1.0,0.15414145948517444,0.12277301280778374,0.024239872903535797,0.63671875
2011,0,-1,2,0.625,0.62548828125,0.001953125,1.0,0.16208926551371405,0.1238784667600612,0.028668132899838383,0.783203125
2011,0,-1,4,0.625,0.7236328125,0.26171875,1.0,0.14636242206233874,0.09517966054045246,0.0353549545907299,0.8984375
2011,0,-1,8,0.625,0.96826171875,0.919921875,1.0,0.1448460753508698,0.03419263805699302,0.029597957109217532,0.994140625
2011,0,-1,16,0.625,1.0,1.0,1.0,0.14223302435038931,0.020351998715341324,0.020032884745887714,1.0
2011,1,0,1,0.25,0.25,0.0,1.0,0.28501069519597877,0.2337009419649121,0.04934312221325854,0.80859375
2011,1,0,2,0.25,0.372314453125,0.001953125,1.0,0.2979356832145186,0.20534898802569046,0.06110106741357413,0.9609375
2011,1,0,4,0.25,0.771484375,0.515625,1.0,0.27334412300842814,0.1006778033530793,0.05993042636350765,0.9921875
2011,1,0,8,0.25,0.991455078125,0.986328125,1.0,0.27133512664477166,0.028547614490037176,0.030916654619886685,1.0
2011,1,0,16,0.25,1.0,1.0,1.0,0.26661623861400585,0.02076472113139971,0.020471881756293442,1.0
2011,1,1,1,1.0,1.0,1.0,1.0,0.019166913125275187,0.019173832587284778,0.019097083996712172,0.47265625
2011,1,1,2,1.0,1.0,1.0,1.0,0.01968923479591922,0.01971406606878645,0.019489246754346823,0.3515625
2011,1,1,4,1.0,1.0,1.0,1.0,0.0209801288032736,0.02099482098782346,0.020689128081130548,0.412109375
2011,1,1,8,1.0,1.0,1.0,1.0,0.02103785611430453,0.02105796933940951,0.021049809468195235,0.392578125
2011,1,1,16,1.0,1.0,1.0,1.0,0.021055833401419477,0.02107671399659239,0.0211640765003267,0.375
2011,1,-1,1,0.625,0.625,0.0,1.0,0.15524563881854192,0.12377019479748697,0.022306754287455988,0.671875
2011,1,-1,2,0.625,0.625244140625,0.0,1.0,0.16285401993604864,0.12164893064692706,0.02495217968544239,0.833984375
2011,1,-1,4,0.625,0.744140625,0.30859375,1.0,0.14734140199834656,0.08640394978829136,0.03220991971465992,0.95703125
2011,1,-1,8,0.625,0.96240234375,0.8984375,1.0,0.14598113855026895,0.03299817621427792,0.025649791856267257,0.9921875
2011,1,-1,16,0.625,1.0,1.0,1.0,0.14355695889753406,0.020409362115969998,0.020096438867767574,1.0
2011,-1,0,1,0.625,0.62548828125,0.0,1.0,0.1482906780556732,0.12860422958800655,0.0466768206542838,0.6640625
2011,-1,0,2,0.625,0.790283203125,0.419921875,1.0,0.15352860432631132,0.09380352762627808,0.057300514908547484,0.908203125
2011,-1,0,4,0.625,0.931396484375,0.8125,1.0,0.14571620540027652,0.055286338085011266,0.04833784101333549,0.9609375
2011,-1,0,8,0.625,0.99658203125,0.990234375,1.0,0.14500440816755145,0.025342067888402653,0.026981131536558678,0.998046875
2011,-1,0,16,0.625,1.0,1.0,1.0,0.14243288596480852,0.020768351924630224,0.020470275673687865,1.0
2011,-1,1,1,0.625,0.630615234375,0.001953125,1.0,0.14935153700594128,0.12227472294034669,0.040323031568277656,0.796875
2011,-1,1,2,0.625,0.774658203125,0.3671875,1.0,0.1550569936989632,0.09333006636273922,0.050407727944957514,0.9296875
2011,-1,1,4,0.625,0.950439453125,0.875,1.0,0.1442521677172408,0.04586706245856931,0.0422670666432623,0.970703125
2011,-1,1,8,0.625,0.99462890625,0.984375,1.0,0.14327767946815584,0.0236733740174202,0.02419969951972689,1.0
2011,-1,1,16,0.625,1.0,1.0,1.0,0.14162426350230817,0.021071889146526246,0.021168172547731956,1.0
2011,-1,-1,1,1.0,1.0,1.0,1.0,0.01927143489183436,0.0193195887886759,0.019906361418179586,0.30078125
2011,-1,-1,2,1.0,1.0,1.0,1.0,0.01969266032597261,0.019766359125469535,0.019399920194700826,0.28515625
2011,-1,-1,4,1.0,1.0,1.0,1.0,0.020455058926017955,0.02052258557159803,0.020482687919866294,0.29296875
2011,-1,-1,8,1.0,1.0,1.0,1.0,0.019994375223177485,0.020081525259229238,0.020080677582882345,0.212890625
2011,-1,-1,16,1.0,1.0,1.0,1.0,0.020254514845873928,0.020337730709798052,0.020002659512101673,0.220703125
2021,0,0,1,1.0,1.0,1.0,1.0,0.019594767146259073,0.019620345753764923,0.020022343179334712,0.298828125
2021,0,0,2,1.0,1.0,1.0,1.0,0.020203550717042162,0.020241018906972386,0.019619750631136412,0.271484375
2021,0,0,4,1.0,1.0,1.0,1.0,0.021210549742079365,0.02123964237085829,0.021169968775666348,0.361328125
2021,0,0,8,1.0,1.0,1.0,1.0,0.020847073553511564,0.02088539893424013,0.021502319677210835,0.275390625
2021,0,0,16,1.0,1.0,1.0,1.0,0.020877080824106997,0.020911655460849943,0.020991017610867857,0.328125
2021,0,1,1,0.25,0.250244140625,0.0,1.0,0.28459831173461225,0.2315957700101876,0.04854816401393691,0.82421875
2021,0,1,2,0.25,0.41064453125,0.021484375,1.0,0.289506397396849,0.19638544402403113,0.05868369196605272,0.947265625
2021,0,1,4,0.25,0.865478515625,0.697265625,1.0,0.2695657619378835,0.07977396558203509,0.0617345069424573,0.99609375
2021,0,1,8,0.25,0.99853515625,0.99609375,1.0,0.2646654611125996,0.02520908129321242,0.027899839310066454,1.0
2021,0,1,16,0.25,1.0,1.0,1.0,0.2667595815173627,0.021501393967128024,0.02179131587035954,1.0
2021,0,-1,1,0.625,0.625,0.0,1.0,0.15339378523356118,0.12509535504619862,0.02816531023790958,0.623046875
2021,0,-1,2,0.625,0.62890625,0.0078125,1.0,0.15677346575068896,0.12502621016733428,0.03181594050556669,0.748046875
2021,0,-1,4,0.625,0.8291015625,0.544921875,1.0,0.14550690257692622,0.07375580499683565,0.040271767538797576,0.93359375
2021,0,-1,8,0.625,0.992431640625,0.978515625,1.0,0.14162854261212487,0.0262436855755368,0.02689827598442207,0.99609375
2021,0,-1,16,0.625,1.0,1.0,1.0,0.1428773497364091,0.02064173764483712,0.020782782339665573,1.0
2021,1,0,1,0.25,0.25146484375,0.0,1.0,0.2846349714594112,0.2327579683590102,0.05232587053706084,0.8203125
2021,1,0,2,0.25,0.452392578125,0.005859375,1.0,0.29000051224647905,0.19145723319468289,0.06418209946377829,0.9609375
2021,1,0,4,0.25,0.785888671875,0.48828125,1.0,0.2711714242659582,0.09871667008400209,0.059368969232082236,0.9921875
2021,1,0,8,0.25,0.995849609375,0.990234375,1.0,0.26872899120735383,0.025899231088430952,0.028406140238530497,1.0
2021,1,0,16,0.25,1.0,1.0,1.0,0.2708001999917542,0.0209205019015144,0.02101069157015445,1.0
2021,1,1,1,1.0,1.0,1.0,1.0,0.01983511532995408,0.019839165937753478,0.01986304617867063,0.44140625
2021,1,1,2,1.0,1.0,1.0,1.0,0.020649262691392778,0.02066452592458745,0.019831337936921045,0.396484375
2021,1,1,4,1.0,1.0,1.0,1.0,0.021175287665244014,0.021190686777970313,0.0209249690208253,0.41015625
2021,1,1,8,1.0,1.0,1.0,1.0,0.02196806865288181,0.021978954724886535,0.021795415700580634,0.419921875
2021,1,1,16,1.0,1.0,1.0,1.0,0.021489417914949627,0.021501124675182837,0.02178410266924402,0.447265625
2021,1,-1,1,0.625,0.625,0.0,1.0,0.15555751631046633,0.1225284281721315,0.02623018965641677,0.681640625
2021,1,-1,2,0.625,0.625,0.0,1.0,0.1590204278231795,0.12329417557987199,0.02934794722045808,0.810546875
2021,1,-1,4,0.625,0.7060546875,0.203125,1.0,0.14601054190279683,0.09846221559382684,0.03596640119940275,0.935546875
2021,1,-1,8,0.625,0.927001953125,0.80078125,1.0,0.14596302289373853,0.04451215569224587,0.030079173578997143,0.9765625
2021,1,-1,16,0.625,0.994140625,0.984375,1.0,0.14644703099838807,0.022637533894339867,0.021537098327826243,0.99609375
2021,-1,0,1,0.625,0.638916015625,0.01953125,1.0,0.14850246302830783,0.1258941257673314,0.04975826028521624,0.75
2021,-1,0,2,0.625,0.857666015625,0.615234375,1.0,0.15184302657212356,0.07750162671629823,0.05781685346573795,0.93359375
2021,-1,0,4,0.625,0.98095703125,0.94921875,1.0,0.14653666852700553,0.03778570109034263,0.04413333346747095,0.990234375
2021,-1,0,8,0.625,1.0,1.0,1.0,0.14418541973464016,0.021753896123470895,0.023370365078562827,1.0
2021,-1,0,16,0.625,1.0,1.0,1.0,0.14607516817068245,0.020915373601951615,0.020999348596433265,1.0
2021,-1,1,1,0.625,0.630859375,0.0078125,1.0,0.1503152567224788,0.12635649987362285,0.04340996354540039,0.744140625
2021,-1,1,2,0.625,0.822998046875,0.52734375,1.0,0.15301901666725826,0.08522143697058482,0.0544753304261576,0.923828125
2021,-1,1,4,0.625,0.968994140625,0.91796875,1.0,0.14491336390801735,0.04235079775583017,0.04507063602386552,0.982421875
2021,-1,1,8,0.625,1.0,1.0,1.0,0.1446454636488852,0.02340828352760127,0.024755417499818577,1.0
2021,-1,1,16,0.625,1.0,1.0,1.0,0.1449867583469313,0.021499044622260044,0.021777549558009923,1.0
2021,-1,-1,1,1.0,1.0,1.0,1.0,0.020560577062724406,0.020593674819792795,0.020694095592261874,0.369140625
2021,-1,-1,2,1.0,1.0,1.0,1.0,0.020933092239374673,0.020994825420984853,0.020748840501255472,0.32421875
2021,-1,-1,4,1.0,1.0,1.0,1.0,0.02071519451783388,0.02075590835102048,0.020502477720583556,0.380859375
2021,-1,-1,8,1.0,1.0,1.0,1.0,0.020900902278299327,0.02094343526277953,0.020519745972706005,0.318359375
2021,-1,-1,16,1.0,1.0,1.0,1.0,0.020592302633303916,0.020637876719774795,0.0207834286702564,0.279296875
2031,0,0,1,1.0,1.0,1.0,1.0,0.020111186767849176,0.02013598199152966,0.02017032892103998,0.25
2031,0,0,2,1.0,1.0,1.0,1.0,0.02062358566928424,0.020665070661550544,0.020042076001800524,0.275390625
2031,0,0,4,1.0,1.0,1.0,1.0,0.021294822262575508,0.02132468915164054,0.0211395309290765,0.30859375
2031,0,0,8,1.0,1.0,1.0,1.0,0.022015539331107448,0.022047933683950305,0.022570466938532263,0.291015625
2031,0,0,16,1.0,1.0,1.0,1.0,0.021430120945069575,0.02146141219338915,0.02126590663647221,0.3046875
2031,0,1,1,0.25,0.252685546875,0.0,1.0,0.2846910922023653,0.23605577651977683,0.05194152424905951,0.763671875
2031,0,1,2,0.25,0.42578125,0.009765625,1.0,0.2958274443333835,0.1961354783383058,0.0629555540747333,0.94921875
2031,0,1,4,0.25,0.83203125,0.615234375,1.0,0.27383592009755375,0.08824508946236165,0.05837315782400765,0.99609375
2031,0,1,8,0.25,0.998779296875,0.998046875,1.0,0.2668413160072305,0.025705649054032165,0.02929789362451629,1.0
2031,0,1,16,0.25,1.0,1.0,1.0,0.2655178518643879,0.02230299566622307,0.022296515004200046,1.0
2031,0,-1,1,0.625,0.625,0.0,1.0,0.15464401055101007,0.12359728193933961,0.02680204154853527,0.59765625
2031,0,-1,2,0.625,0.625732421875,0.001953125,1.0,0.16333417250945104,0.12474278150057216,0.030883367388241822,0.814453125
2031,0,-1,4,0.625,0.74755859375,0.3203125,1.0,0.14763471545484208,0.09251801329537557,0.03667749191299663,0.919921875
2031,0,-1,8,0.625,0.97509765625,0.935546875,1.0,0.14323054663691437,0.03278243674412806,0.029368335832259618,0.990234375
2031,0,-1,16,0.625,0.99951171875,0.998046875,1.0,0.1430630689874306,0.022603532330322196,0.0228223079975578,1.0
2031,1,0,1,0.25,0.25244140625,0.0,1.0,0.28457726720705523,0.23494387187463417,0.05543686314217666,0.783203125
2031,1,0,2,0.25,0.455078125,0.009765625,1.0,0.29483232068082543,0.18957772287933494,0.0691373574318277,0.9609375
2031,1,0,4,0.25,0.887939453125,0.744140625,1.0,0.2751966105770407,0.07264859034671645,0.05788573829863708,0.994140625
2031,1,0,8,0.25,1.0,1.0,1.0,0.26983014986035414,0.023693531420065028,0.026319738137999593,1.0
2031,1,0,16,0.25,1.0,1.0,1.0,0.2679890720064577,0.021465128402041955,0.021285597157202574,1.0
2031,1,1,1,1.0,1.0,1.0,1.0,0.02088677411597928,0.02091185904282611,0.02078513668220694,0.23046875
2031,1,1,2,1.0,1.0,1.0,1.0,0.021661387802680565,0.021690448661786377,0.02085783329039259,0.263671875
2031,1,1,4,1.0,1.0,1.0,1.0,0.02241730035797218,0.02244769905320254,0.021976915435061528,0.30078125
2031,1,1,8,1.0,1.0,1.0,1.0,0.022433497733459262,0.022455046409277202,0.022455119772530452,0.353515625
2031,1,1,16,1.0,1.0,1.0,1.0,0.022289250464950783,0.02231347917893345,0.022319633306778996,0.333984375
2031,1,-1,1,0.625,0.625,0.0,1.0,0.15657635086256505,0.12486766751004552,0.026226113352777247,0.6328125
2031,1,-1,2,0.625,0.6259765625,0.001953125,1.0,0.16028408409488293,0.1262860774966157,0.029618268317335605,0.779296875
2031,1,-1,4,0.625,0.761474609375,0.365234375,1.0,0.14843661109534878,0.08960749525795109,0.037480676433915505,0.93359375
2031,1,-1,8,0.625,0.97900390625,0.94140625,1.0,0.14645940405171132,0.031222134673953406,0.02925715158926323,0.994140625
2031,1,-1,16,0.625,1.0,1.0,1.0,0.14514512079222186,0.022322339390484558,0.0226402539301489,1.0
2031,-1,0,1,0.625,0.637451171875,0.017578125,1.0,0.14863032945436316,0.12451350981496034,0.04841020660751383,0.716796875
2031,-1,0,2,0.625,0.83740234375,0.564453125,1.0,0.15605900780087723,0.08224122859508043,0.05784524703767602,0.939453125
2031,-1,0,4,0.625,0.972900390625,0.9296875,1.0,0.14751061279366695,0.04156146624683288,0.04596858312947916,0.98828125
2031,-1,0,8,0.625,0.999755859375,1.0,1.0,0.14423544685178058,0.02342264320071763,0.025211744547277704,1.0
2031,-1,0,16,0.625,1.0,1.0,1.0,0.14433311848733865,0.0214633830648836,0.021273866005230957,1.0
2031,-1,1,1,0.625,0.62841796875,0.00390625,1.0,0.14883034748731916,0.13065951070518622,0.04724271568966287,0.671875
2031,-1,1,2,0.625,0.828369140625,0.529296875,1.0,0.15211729377392658,0.08618322012085855,0.05656893405875962,0.888671875
2031,-1,1,4,0.625,0.96240234375,0.904296875,1.0,0.14587601791663474,0.04481559562890425,0.04677823135966719,0.9765625
2031,-1,1,8,0.625,0.999267578125,0.998046875,1.0,0.14394901376545022,0.023403446038457787,0.025049526787597642,1.0
2031,-1,1,16,0.625,1.0,1.0,1.0,0.14299289224800305,0.022306233580479784,0.02230369157405221,1.0
2031,-1,-1,1,1.0,1.0,1.0,1.0,0.02130805536239677,0.02134965826212465,0.02101073033281864,0.302734375
2031,-1,-1,2,1.0,1.0,1.0,1.0,0.02194044197472067,0.02200392247709715,0.02117135344633425,0.2890625
2031,-1,-1,4,1.0,1.0,1.0,1.0,0.02193795245966612,0.021992488925207,0.021951531867671292,0.333984375
2031,-1,-1,8,1.0,1.0,1.0,1.0,0.021910342697992746,0.02198174922250473,0.02209492732072249,0.28125
2031,-1,-1,16,1.0,1.0,1.0,1.0,0.022220444717277132,0.02229272088061407,0.02257882759658969,0.29296875
