seed,condition,allocation_accuracy,effect_accuracy,three_way_control_accuracy,recovery_mae,counterfactual_recovery_mae,all_gates_pass,decoupled_effect_spread,decoupled_access_spread
2011,0,1.0,1.0,1.0,0.017978669344529408,0.019294400607464013,True,,
2011,1,1.0,1.0,1.0,0.017855928030561092,0.019121592317958402,True,,
2011,-1,1.0,0.99990234375,0.999609375,0.01738366342212127,0.019953274810632138,True,0.0012737372038486682,0.007199823985502007
2021,0,1.0,1.0,1.0,0.018939481160623474,0.020157186602716592,True,,
2021,1,1.0,1.0,1.0,0.01876436251332052,0.02004726603479412,True,,
2021,-1,1.0,1.0,1.0,0.01826008037945333,0.020926533722331442,True,0.001079928856707113,0.008310201794984096
2031,0,1.0,1.0,1.0,0.018532045859668264,0.02001444579497047,True,,
2031,1,1.0,0.999951171875,1.0,0.01906547839545662,0.0206670623653622,True,,
2031,-1,1.0,1.0,1.0,0.01874457745567876,0.02111336354391824,True,0.001321901159128913,0.008765847670929361
