seed,condition,variant,current_recovery_min,future_recovery_min,raw_current_identity_matches_visual,raw_future_identity_matches_visual,rounded_current_identity_matches_visual,rounded_future_identity_matches_visual,raw_current_joint_identity_accuracy,raw_command_varying_position_episodes,rounded_command_varying_position_episodes,threshold_command_varying_position_episodes,physical_threshold_command_varying_position_episodes,position_episodes_total,current_both_attributes_identified_fraction,future_both_attributes_identified_fraction,mean_command_peak_probability_range,physical_current_recovery_zero_positions
2011,0,neutral,0.019337614998221397,0.02003777213394642,1.0,1.0,1.0,1.0,0.9990234375,0,0,1764,1759,2048,0.2587890625,0.3651123046875,0.42677138454746455,59
2011,0,model_swap,0.019337614998221397,0.01763579621911049,1.0,1.0,1.0,1.0,0.9990234375,0,0,154,1759,2048,0.2587890625,0.3507080078125,0.052117245439148974,59
2011,1,neutral,0.0560239776968956,0.04797202721238136,1.0,1.0,1.0,1.0,0.9990234375,0,0,80,0,2048,0.3076171875,0.412841796875,0.02493891432095552,0
2011,1,model_swap,0.0560239776968956,0.008392158895730972,1.0,1.0,1.0,1.0,0.9990234375,0,0,1832,0,2048,0.3076171875,0.3663330078125,0.4545961988842464,0
2011,-1,neutral,0.053481798619031906,0.03919186443090439,1.0,1.0,1.0,1.0,0.9990234375,0,0,48,0,2048,0.31396484375,0.40673828125,0.01595575002284022,0
2011,-1,model_swap,0.053481798619031906,0.0076628029346466064,1.0,1.0,1.0,1.0,0.9990234375,0,0,55,0,2048,0.31396484375,0.35888671875,0.019644188789243344,0
2021,0,neutral,0.023424219340085983,0.022067347541451454,1.0,1.0,1.0,1.0,0.99951171875,0,0,1785,1772,2048,0.2626953125,0.3603515625,0.4222239186128718,66
2021,0,model_swap,0.023424219340085983,0.013760603033006191,1.0,1.0,1.0,1.0,0.99951171875,0,0,191,1772,2048,0.2626953125,0.3546142578125,0.060560688667465,66
2021,1,neutral,0.0503491535782814,0.04855373874306679,1.0,1.0,1.0,1.0,0.99951171875,0,0,80,0,2048,0.3056640625,0.4019775390625,0.02410308569233166,0
2021,1,model_swap,0.0503491535782814,0.01971953548491001,1.0,1.0,1.0,1.0,0.99951171875,0,0,1812,0,2048,0.3056640625,0.375244140625,0.46820808349730214,0
2021,-1,neutral,0.054600559175014496,0.040289998054504395,1.0,1.0,1.0,1.0,0.99951171875,0,0,70,0,2048,0.3046875,0.4041748046875,0.018390233206446283,0
2021,-1,model_swap,0.054600559175014496,0.008238594979047775,1.0,1.0,1.0,1.0,0.99951171875,0,0,75,0,2048,0.3046875,0.3682861328125,0.024401306742220186,0
2031,0,neutral,0.021008946001529694,0.01291551161557436,1.0,1.0,1.0,1.0,1.0,0,0,1772,1744,2048,0.26025390625,0.3641357421875,0.42512466909829527,76
2031,0,model_swap,0.021008946001529694,0.014860095456242561,1.0,1.0,1.0,1.0,1.0,0,0,152,1744,2048,0.26025390625,0.3519287109375,0.05620267234189669,76
2031,1,neutral,0.06550352275371552,0.057205598801374435,1.0,1.0,1.0,1.0,1.0,0,0,87,0,2048,0.3076171875,0.41455078125,0.025989540547016077,0
2031,1,model_swap,0.06550352275371552,0.009797828271985054,1.0,1.0,1.0,1.0,1.0,0,0,1824,0,2048,0.3076171875,0.3624267578125,0.481701729062479,0
2031,-1,neutral,0.05979793891310692,0.04621417820453644,1.0,1.0,1.0,1.0,1.0,0,0,73,0,2048,0.31103515625,0.4130859375,0.018916599481599405,0
2031,-1,model_swap,0.05979793891310692,0.007690823636949062,1.0,1.0,1.0,1.0,1.0,0,0,71,0,2048,0.31103515625,0.3568115234375,0.021992819805745967,0
